Initialized native services in: /home/runner/.gradle/native
Initialized jansi services in: /home/runner/.gradle/native
Received JVM installation metadata from '/usr/lib/jvm/temurin-17-jdk-amd64': {JAVA_HOME=/usr/lib/jvm/temurin-17-jdk-amd64, JAVA_VERSION=17.0.19, JAVA_VENDOR=Eclipse Adoptium, RUNTIME_NAME=OpenJDK Runtime Environment, RUNTIME_VERSION=17.0.19+10, VM_NAME=OpenJDK 64-Bit Server VM, VM_VERSION=17.0.19+10, VM_VENDOR=Eclipse Adoptium, OS_ARCH=amd64}
The client will now receive all logging from the daemon (pid: 2397). The daemon log file: /home/runner/.gradle/daemon/8.7/daemon-2397.out.log
Starting 3rd build in daemon [uptime: 13.676 secs, performance: 98%, GC rate: 0.00/s, heap usage: 0% of 2 GiB]
Using 2 worker leases.
Closing daemon's stdin at end of input.
The daemon will no longer process any standard input.
Now considering [/home/runner/work/uma-mobile-decision-pipeline/uma-mobile-decision-pipeline] as hierarchies to watch
Watching the file system is configured to be enabled if available
File system watching is active
Starting Build
Settings evaluated using settings file '/home/runner/work/uma-mobile-decision-pipeline/uma-mobile-decision-pipeline/settings.gradle.kts'.
Projects loaded. Root project using build file '/home/runner/work/uma-mobile-decision-pipeline/uma-mobile-decision-pipeline/build.gradle.kts'.
Included projects: [root project 'UmaMobileDecisionPipeline', project ':app']

> Configure project :
Evaluating root project 'UmaMobileDecisionPipeline' using build file '/home/runner/work/uma-mobile-decision-pipeline/uma-mobile-decision-pipeline/build.gradle.kts'.
Transforming gradle-8.5.2.jar (com.android.tools.build:gradle:8.5.2) with ExternalDependencyInstrumentingArtifactTransform
Transforming gradle-settings-api-8.5.2.jar (com.android.tools.build:gradle-settings-api:8.5.2) with ExternalDependencyInstrumentingArtifactTransform
Transforming lint-model-31.5.2.jar (com.android.tools.lint:lint-model:31.5.2) with ExternalDependencyInstrumentingArtifactTransform
Transforming builder-8.5.2.jar (com.android.tools.build:builder:8.5.2) with ExternalDependencyInstrumentingArtifactTransform
Transforming manifest-merger-31.5.2.jar (com.android.tools.build:manifest-merger:31.5.2) with ExternalDependencyInstrumentingArtifactTransform
Transforming sdk-common-31.5.2.jar (com.android.tools:sdk-common:31.5.2) with ExternalDependencyInstrumentingArtifactTransform
Transforming sdklib-31.5.2.jar (com.android.tools:sdklib:31.5.2) with ExternalDependencyInstrumentingArtifactTransform
Transforming repository-31.5.2.jar (com.android.tools:repository:31.5.2) with ExternalDependencyInstrumentingArtifactTransform
Transforming aaptcompiler-8.5.2.jar (com.android.tools.build:aaptcompiler:8.5.2) with ExternalDependencyInstrumentingArtifactTransform
Transforming tracker-31.5.2.jar (com.android.tools.analytics-library:tracker:31.5.2) with ExternalDependencyInstrumentingArtifactTransform
Transforming shared-31.5.2.jar (com.android.tools.analytics-library:shared:31.5.2) with ExternalDependencyInstrumentingArtifactTransform
Transforming databinding-compiler-common-8.5.2.jar (androidx.databinding:databinding-compiler-common:8.5.2) with ExternalDependencyInstrumentingArtifactTransform
Transforming android-test-plugin-host-emulator-control-proto-31.5.2.jar (com.android.tools.utp:android-test-plugin-host-emulator-control-proto:31.5.2) with ExternalDependencyInstrumentingArtifactTransform
Transforming android-test-plugin-host-retention-proto-31.5.2.jar (com.android.tools.utp:android-test-plugin-host-retention-proto:31.5.2) with ExternalDependencyInstrumentingArtifactTransform
Transforming builder-model-8.5.2.jar (com.android.tools.build:builder-model:8.5.2) with ExternalDependencyInstrumentingArtifactTransform
Transforming gradle-api-8.5.2.jar (com.android.tools.build:gradle-api:8.5.2) with ExternalDependencyInstrumentingArtifactTransform
Transforming builder-test-api-8.5.2.jar (com.android.tools.build:builder-test-api:8.5.2) with ExternalDependencyInstrumentingArtifactTransform
Transforming ddmlib-31.5.2.jar (com.android.tools.ddms:ddmlib:31.5.2) with ExternalDependencyInstrumentingArtifactTransform
Transforming layoutlib-api-31.5.2.jar (com.android.tools.layoutlib:layoutlib-api:31.5.2) with ExternalDependencyInstrumentingArtifactTransform
Transforming dvlib-31.5.2.jar (com.android.tools:dvlib:31.5.2) with ExternalDependencyInstrumentingArtifactTransform
Transforming common-31.5.2.jar (com.android.tools:common:31.5.2) with ExternalDependencyInstrumentingArtifactTransform
Transforming kotlin-stdlib-jdk8-1.9.20.jar (org.jetbrains.kotlin:kotlin-stdlib-jdk8:1.9.20) with ExternalDependencyInstrumentingArtifactTransform
Transforming jetifier-processor-1.0.0-beta10.jar (com.android.tools.build.jetifier:jetifier-processor:1.0.0-beta10) with ExternalDependencyInstrumentingArtifactTransform
Transforming jetifier-core-1.0.0-beta10.jar (com.android.tools.build.jetifier:jetifier-core:1.0.0-beta10) with ExternalDependencyInstrumentingArtifactTransform
Transforming kotlin-reflect-1.9.22.jar (org.jetbrains.kotlin:kotlin-reflect:1.9.22) with ExternalDependencyInstrumentingArtifactTransform
Transforming kotlin-stdlib-jdk7-1.9.20.jar (org.jetbrains.kotlin:kotlin-stdlib-jdk7:1.9.20) with ExternalDependencyInstrumentingArtifactTransform
Transforming kotlin-stdlib-1.9.22.jar (org.jetbrains.kotlin:kotlin-stdlib:1.9.22) with ExternalDependencyInstrumentingArtifactTransform
Transforming annotations-13.0.jar (org.jetbrains:annotations:13.0) with ExternalDependencyInstrumentingArtifactTransform
Transforming kotlin-gradle-plugin-model-2.0.21.jar (org.jetbrains.kotlin:kotlin-gradle-plugin-model:2.0.21) with ExternalDependencyInstrumentingArtifactTransform
Transforming kotlin-gradle-plugin-api-2.0.21.jar (org.jetbrains.kotlin:kotlin-gradle-plugin-api:2.0.21) with ExternalDependencyInstrumentingArtifactTransform
Transforming kotlin-gradle-plugin-2.0.21-gradle85.jar (org.jetbrains.kotlin:kotlin-gradle-plugin:2.0.21) with ExternalDependencyInstrumentingArtifactTransform
Transforming bundletool-1.16.0.jar (com.android.tools.build:bundletool:1.16.0) with ExternalDependencyInstrumentingArtifactTransform
Transforming aapt2-proto-8.5.2-11315950.jar (com.android.tools.build:aapt2-proto:8.5.2-11315950) with ExternalDependencyInstrumentingArtifactTransform
Transforming crash-31.5.2.jar (com.android.tools.analytics-library:crash:31.5.2) with ExternalDependencyInstrumentingArtifactTransform
Transforming lint-typedef-remover-31.5.2.jar (com.android.tools.lint:lint-typedef-remover:31.5.2) with ExternalDependencyInstrumentingArtifactTransform
Transforming databinding-common-8.5.2.jar (androidx.databinding:databinding-common:8.5.2) with ExternalDependencyInstrumentingArtifactTransform
Transforming baseLibrary-8.5.2.jar (com.android.databinding:baseLibrary:8.5.2) with ExternalDependencyInstrumentingArtifactTransform
Transforming android-device-provider-ddmlib-proto-31.5.2.jar (com.android.tools.utp:android-device-provider-ddmlib-proto:31.5.2) with ExternalDependencyInstrumentingArtifactTransform
Transforming android-device-provider-gradle-proto-31.5.2.jar (com.android.tools.utp:android-device-provider-gradle-proto:31.5.2) with ExternalDependencyInstrumentingArtifactTransform
Transforming android-test-plugin-host-additional-test-output-proto-31.5.2.jar (com.android.tools.utp:android-test-plugin-host-additional-test-output-proto:31.5.2) with ExternalDependencyInstrumentingArtifactTransform
Transforming android-test-plugin-host-coverage-proto-31.5.2.jar (com.android.tools.utp:android-test-plugin-host-coverage-proto:31.5.2) with ExternalDependencyInstrumentingArtifactTransform
Transforming android-test-plugin-host-logcat-proto-31.5.2.jar (com.android.tools.utp:android-test-plugin-host-logcat-proto:31.5.2) with ExternalDependencyInstrumentingArtifactTransform
Transforming android-test-plugin-host-apk-installer-proto-31.5.2.jar (com.android.tools.utp:android-test-plugin-host-apk-installer-proto:31.5.2) with ExternalDependencyInstrumentingArtifactTransform
Transforming android-test-plugin-result-listener-gradle-proto-31.5.2.jar (com.android.tools.utp:android-test-plugin-result-listener-gradle-proto:31.5.2) with ExternalDependencyInstrumentingArtifactTransform
Transforming transform-api-2.0.0-deprecated-use-gradle-api.jar (com.android.tools.build:transform-api:2.0.0-deprecated-use-gradle-api) with ExternalDependencyInstrumentingArtifactTransform
Transforming httpmime-4.5.6.jar (org.apache.httpcomponents:httpmime:4.5.6) with ExternalDependencyInstrumentingArtifactTransform
Transforming commons-io-2.13.0.jar (commons-io:commons-io:2.13.0) with ExternalDependencyInstrumentingArtifactTransform
Transforming asm-commons-9.6.jar (org.ow2.asm:asm-commons:9.6) with ExternalDependencyInstrumentingArtifactTransform
Transforming asm-util-9.6.jar (org.ow2.asm:asm-util:9.6) with ExternalDependencyInstrumentingArtifactTransform
Transforming asm-analysis-9.6.jar (org.ow2.asm:asm-analysis:9.6) with ExternalDependencyInstrumentingArtifactTransform
Transforming asm-tree-9.6.jar (org.ow2.asm:asm-tree:9.6) with ExternalDependencyInstrumentingArtifactTransform
Transforming asm-9.6.jar (org.ow2.asm:asm:9.6) with ExternalDependencyInstrumentingArtifactTransform
Transforming apkzlib-8.5.2.jar (com.android.tools.build:apkzlib:8.5.2) with ExternalDependencyInstrumentingArtifactTransform
Transforming bcpkix-jdk18on-1.77.jar (org.bouncycastle:bcpkix-jdk18on:1.77) with ExternalDependencyInstrumentingArtifactTransform
Transforming jaxb-runtime-2.3.2.jar (org.glassfish.jaxb:jaxb-runtime:2.3.2) with ExternalDependencyInstrumentingArtifactTransform
Transforming jopt-simple-4.9.jar (net.sf.jopt-simple:jopt-simple:4.9) with ExternalDependencyInstrumentingArtifactTransform
Transforming javapoet-1.10.0.jar (com.squareup:javapoet:1.10.0) with ExternalDependencyInstrumentingArtifactTransform
Transforming protobuf-java-util-3.22.3.jar (com.google.protobuf:protobuf-java-util:3.22.3) with ExternalDependencyInstrumentingArtifactTransform
Transforming grpc-protobuf-1.57.0.jar (io.grpc:grpc-protobuf:1.57.0) with ExternalDependencyInstrumentingArtifactTransform
Transforming tink-1.7.0.jar (com.google.crypto.tink:tink:1.7.0) with ExternalDependencyInstrumentingArtifactTransform
Transforming protos-31.5.2.jar (com.android.tools.analytics-library:protos:31.5.2) with ExternalDependencyInstrumentingArtifactTransform
Transforming proto-google-common-protos-2.17.0.jar (com.google.api.grpc:proto-google-common-protos:2.17.0) with ExternalDependencyInstrumentingArtifactTransform
Transforming protobuf-java-3.22.3.jar (com.google.protobuf:protobuf-java:3.22.3) with ExternalDependencyInstrumentingArtifactTransform
Transforming grpc-netty-1.57.0.jar (io.grpc:grpc-netty:1.57.0) with ExternalDependencyInstrumentingArtifactTransform
Transforming grpc-core-1.57.0.jar (io.grpc:grpc-core:1.57.0) with ExternalDependencyInstrumentingArtifactTransform
Transforming kotlin-build-statistics-2.0.21.jar (org.jetbrains.kotlin:kotlin-build-statistics:2.0.21) with ExternalDependencyInstrumentingArtifactTransform
Transforming gson-2.10.1.jar (com.google.code.gson:gson:2.10.1) with ExternalDependencyInstrumentingArtifactTransform
Transforming grpc-stub-1.57.0.jar (io.grpc:grpc-stub:1.57.0) with ExternalDependencyInstrumentingArtifactTransform
Transforming core-proto-0.0.9-alpha02.jar (com.google.testing.platform:core-proto:0.0.9-alpha02) with ExternalDependencyInstrumentingArtifactTransform
Transforming kxml2-2.3.0.jar (net.sf.kxml:kxml2:2.3.0) with ExternalDependencyInstrumentingArtifactTransform
Transforming tensorflow-lite-metadata-0.1.0-rc2.jar (org.tensorflow:tensorflow-lite-metadata:0.1.0-rc2) with ExternalDependencyInstrumentingArtifactTransform
Transforming flatbuffers-java-1.12.0.jar (com.google.flatbuffers:flatbuffers-java:1.12.0) with ExternalDependencyInstrumentingArtifactTransform
Transforming kotlin-gradle-plugin-idea-proto-2.0.21.jar (org.jetbrains.kotlin:kotlin-gradle-plugin-idea-proto:2.0.21) with ExternalDependencyInstrumentingArtifactTransform
Transforming kotlin-gradle-plugin-idea-2.0.21.jar (org.jetbrains.kotlin:kotlin-gradle-plugin-idea:2.0.21) with ExternalDependencyInstrumentingArtifactTransform
Transforming kotlin-klib-commonizer-api-2.0.21.jar (org.jetbrains.kotlin:kotlin-klib-commonizer-api:2.0.21) with ExternalDependencyInstrumentingArtifactTransform
Transforming kotlin-build-tools-api-2.0.21.jar (org.jetbrains.kotlin:kotlin-build-tools-api:2.0.21) with ExternalDependencyInstrumentingArtifactTransform
Transforming kotlin-compiler-runner-2.0.21.jar (org.jetbrains.kotlin:kotlin-compiler-runner:2.0.21) with ExternalDependencyInstrumentingArtifactTransform
Transforming kotlin-native-utils-2.0.21.jar (org.jetbrains.kotlin:kotlin-native-utils:2.0.21) with ExternalDependencyInstrumentingArtifactTransform
Transforming kotlin-util-klib-2.0.21.jar (org.jetbrains.kotlin:kotlin-util-klib:2.0.21) with ExternalDependencyInstrumentingArtifactTransform
Transforming kotlin-compiler-embeddable-2.0.21.jar (org.jetbrains.kotlin:kotlin-compiler-embeddable:2.0.21) with ExternalDependencyInstrumentingArtifactTransform
Transforming jimfs-1.1.jar (com.google.jimfs:jimfs:1.1) with ExternalDependencyInstrumentingArtifactTransform
Transforming grpc-context-1.57.0.jar (io.grpc:grpc-context:1.57.0) with ExternalDependencyInstrumentingArtifactTransform
Transforming grpc-protobuf-lite-1.57.0.jar (io.grpc:grpc-protobuf-lite:1.57.0) with ExternalDependencyInstrumentingArtifactTransform
Transforming grpc-api-1.57.0.jar (io.grpc:grpc-api:1.57.0) with ExternalDependencyInstrumentingArtifactTransform
Transforming guava-32.0.1-jre.jar (com.google.guava:guava:32.0.1-jre) with ExternalDependencyInstrumentingArtifactTransform
Transforming dagger-2.28.3.jar (com.google.dagger:dagger:2.28.3) with ExternalDependencyInstrumentingArtifactTransform
Transforming javax.inject-1.jar (javax.inject:javax.inject:1) with ExternalDependencyInstrumentingArtifactTransform
Transforming bcutil-jdk18on-1.77.jar (org.bouncycastle:bcutil-jdk18on:1.77) with ExternalDependencyInstrumentingArtifactTransform
Transforming bcprov-jdk18on-1.77.jar (org.bouncycastle:bcprov-jdk18on:1.77) with ExternalDependencyInstrumentingArtifactTransform
Transforming trove4j-1.0.20200330.jar (org.jetbrains.intellij.deps:trove4j:1.0.20200330) with ExternalDependencyInstrumentingArtifactTransform
Transforming commons-compress-1.21.jar (org.apache.commons:commons-compress:1.21) with ExternalDependencyInstrumentingArtifactTransform
Transforming httpclient-4.5.14.jar (org.apache.httpcomponents:httpclient:4.5.14) with ExternalDependencyInstrumentingArtifactTransform
Transforming httpcore-4.4.16.jar (org.apache.httpcomponents:httpcore:4.4.16) with ExternalDependencyInstrumentingArtifactTransform
Transforming javax.activation-1.2.0.jar (com.sun.activation:javax.activation:1.2.0) with ExternalDependencyInstrumentingArtifactTransform
Transforming signflinger-8.5.2.jar (com.android:signflinger:8.5.2) with ExternalDependencyInstrumentingArtifactTransform
Transforming zipflinger-8.5.2.jar (com.android:zipflinger:8.5.2) with ExternalDependencyInstrumentingArtifactTransform
Transforming annotations-31.5.2.jar (com.android.tools:annotations:31.5.2) with ExternalDependencyInstrumentingArtifactTransform
Transforming jna-platform-5.6.0.jar (net.java.dev.jna:jna-platform:5.6.0) with ExternalDependencyInstrumentingArtifactTransform
Transforming juniversalchardet-1.0.3.jar (com.googlecode.juniversalchardet:juniversalchardet:1.0.3) with ExternalDependencyInstrumentingArtifactTransform
Transforming javax.annotation-api-1.3.2.jar (javax.annotation:javax.annotation-api:1.3.2) with ExternalDependencyInstrumentingArtifactTransform
Transforming stax-ex-1.8.1.jar (org.jvnet.staxex:stax-ex:1.8.1) with ExternalDependencyInstrumentingArtifactTransform
Transforming jakarta.xml.bind-api-2.3.2.jar (jakarta.xml.bind:jakarta.xml.bind-api:2.3.2) with ExternalDependencyInstrumentingArtifactTransform
Transforming txw2-2.3.2.jar (org.glassfish.jaxb:txw2:2.3.2) with ExternalDependencyInstrumentingArtifactTransform
Transforming istack-commons-runtime-3.0.8.jar (com.sun.istack:istack-commons-runtime:3.0.8) with ExternalDependencyInstrumentingArtifactTransform
Transforming FastInfoset-1.2.16.jar (com.sun.xml.fastinfoset:FastInfoset:1.2.16) with ExternalDependencyInstrumentingArtifactTransform
Transforming jakarta.activation-api-1.2.1.jar (jakarta.activation:jakarta.activation-api:1.2.1) with ExternalDependencyInstrumentingArtifactTransform
Transforming auto-value-annotations-1.6.2.jar (com.google.auto.value:auto-value-annotations:1.6.2) with ExternalDependencyInstrumentingArtifactTransform
Transforming error_prone_annotations-2.18.0.jar (com.google.errorprone:error_prone_annotations:2.18.0) with ExternalDependencyInstrumentingArtifactTransform
Transforming jose4j-0.9.5.jar (org.bitbucket.b_c:jose4j:0.9.5) with ExternalDependencyInstrumentingArtifactTransform
Transforming slf4j-api-1.7.30.jar (org.slf4j:slf4j-api:1.7.30) with ExternalDependencyInstrumentingArtifactTransform
Transforming jdom2-2.0.6.jar (org.jdom:jdom2:2.0.6) with ExternalDependencyInstrumentingArtifactTransform
Transforming jsr305-3.0.2.jar (com.google.code.findbugs:jsr305:3.0.2) with ExternalDependencyInstrumentingArtifactTransform
Transforming j2objc-annotations-2.8.jar (com.google.j2objc:j2objc-annotations:2.8) with ExternalDependencyInstrumentingArtifactTransform
Transforming annotations-4.1.1.4.jar (com.google.android:annotations:4.1.1.4) with ExternalDependencyInstrumentingArtifactTransform
Transforming animal-sniffer-annotations-1.23.jar (org.codehaus.mojo:animal-sniffer-annotations:1.23) with ExternalDependencyInstrumentingArtifactTransform
Transforming perfmark-api-0.26.0.jar (io.perfmark:perfmark-api:0.26.0) with ExternalDependencyInstrumentingArtifactTransform
Transforming netty-codec-http2-4.1.93.Final.jar (io.netty:netty-codec-http2:4.1.93.Final) with ExternalDependencyInstrumentingArtifactTransform
Transforming netty-handler-proxy-4.1.93.Final.jar (io.netty:netty-handler-proxy:4.1.93.Final) with ExternalDependencyInstrumentingArtifactTransform
Transforming netty-codec-http-4.1.93.Final.jar (io.netty:netty-codec-http:4.1.93.Final) with ExternalDependencyInstrumentingArtifactTransform
Transforming netty-handler-4.1.93.Final.jar (io.netty:netty-handler:4.1.93.Final) with ExternalDependencyInstrumentingArtifactTransform
Transforming netty-transport-native-unix-common-4.1.93.Final.jar (io.netty:netty-transport-native-unix-common:4.1.93.Final) with ExternalDependencyInstrumentingArtifactTransform
Transforming checker-qual-3.33.0.jar (org.checkerframework:checker-qual:3.33.0) with ExternalDependencyInstrumentingArtifactTransform
Transforming commons-codec-1.11.jar (commons-codec:commons-codec:1.11) with ExternalDependencyInstrumentingArtifactTransform
Transforming apksig-8.5.2.jar (com.android.tools.build:apksig:8.5.2) with ExternalDependencyInstrumentingArtifactTransform
Transforming javawriter-2.5.0.jar (com.squareup:javawriter:2.5.0) with ExternalDependencyInstrumentingArtifactTransform
Transforming kotlin-gradle-plugin-annotations-2.0.21.jar (org.jetbrains.kotlin:kotlin-gradle-plugin-annotations:2.0.21) with ExternalDependencyInstrumentingArtifactTransform
Transforming kotlin-tooling-core-2.0.21.jar (org.jetbrains.kotlin:kotlin-tooling-core:2.0.21) with ExternalDependencyInstrumentingArtifactTransform
Transforming kotlin-daemon-client-2.0.21.jar (org.jetbrains.kotlin:kotlin-daemon-client:2.0.21) with ExternalDependencyInstrumentingArtifactTransform
Transforming kotlinx-coroutines-core-jvm-1.6.4.jar (org.jetbrains.kotlinx:kotlinx-coroutines-core-jvm:1.6.4) with ExternalDependencyInstrumentingArtifactTransform
Transforming kotlin-util-io-2.0.21.jar (org.jetbrains.kotlin:kotlin-util-io:2.0.21) with ExternalDependencyInstrumentingArtifactTransform
Transforming kotlin-daemon-embeddable-2.0.21.jar (org.jetbrains.kotlin:kotlin-daemon-embeddable:2.0.21) with ExternalDependencyInstrumentingArtifactTransform
Transforming failureaccess-1.0.1.jar (com.google.guava:failureaccess:1.0.1) with ExternalDependencyInstrumentingArtifactTransform
Transforming listenablefuture-9999.0-empty-to-avoid-conflict-with-guava.jar (com.google.guava:listenablefuture:9999.0-empty-to-avoid-conflict-with-guava) with ExternalDependencyInstrumentingArtifactTransform
Transforming commons-logging-1.2.jar (commons-logging:commons-logging:1.2) with ExternalDependencyInstrumentingArtifactTransform
Transforming jna-5.6.0.jar (net.java.dev.jna:jna:5.6.0) with ExternalDependencyInstrumentingArtifactTransform
Transforming netty-codec-socks-4.1.93.Final.jar (io.netty:netty-codec-socks:4.1.93.Final) with ExternalDependencyInstrumentingArtifactTransform
Transforming netty-codec-4.1.93.Final.jar (io.netty:netty-codec:4.1.93.Final) with ExternalDependencyInstrumentingArtifactTransform
Transforming netty-transport-4.1.93.Final.jar (io.netty:netty-transport:4.1.93.Final) with ExternalDependencyInstrumentingArtifactTransform
Transforming netty-buffer-4.1.93.Final.jar (io.netty:netty-buffer:4.1.93.Final) with ExternalDependencyInstrumentingArtifactTransform
Transforming netty-resolver-4.1.93.Final.jar (io.netty:netty-resolver:4.1.93.Final) with ExternalDependencyInstrumentingArtifactTransform
Transforming netty-common-4.1.93.Final.jar (io.netty:netty-common:4.1.93.Final) with ExternalDependencyInstrumentingArtifactTransform

> Configure project :app
Evaluating project ':app' using build file '/home/runner/work/uma-mobile-decision-pipeline/uma-mobile-decision-pipeline/app/build.gradle.kts'.
Using default execution profile
Using Kotlin Gradle Plugin gradle85 variant
All projects evaluated.
Task path ':app:compileDebugKotlin' matched project ':app'
Task name matched 'compileDebugKotlin'
Selected primary task 'compileDebugKotlin' from project :app
WARNING: We recommend using a newer Android Gradle plugin to use compileSdk = 35

This Android Gradle plugin (8.5.2) was tested up to compileSdk = 34.

You are strongly encouraged to update your project to use a newer
Android Gradle plugin that has been tested with compileSdk = 35.

If you are already using the latest version of the Android Gradle plugin,
you may need to wait until a newer version with support for compileSdk = 35 is available.

For more information refer to the compatibility table:
https://d.android.com/r/tools/api-level-support

To suppress this warning, add/update
    android.suppressUnsupportedCompileSdk=35
to this project's gradle.properties.
Tasks to be executed: [task ':app:checkKotlinGradlePluginConfigurationErrors', task ':app:preBuild', task ':app:preDebugBuild', task ':app:checkDebugAarMetadata', task ':app:generateDebugResValues', task ':app:mapDebugSourceSetPaths', task ':app:generateDebugResources', task ':app:mergeDebugResources', task ':app:packageDebugResources', task ':app:parseDebugLocalResources', task ':app:createDebugCompatibleScreenManifests', task ':app:extractDeepLinksDebug', task ':app:processDebugMainManifest', task ':app:processDebugManifest', task ':app:processDebugManifestForPackage', task ':app:processDebugResources', task ':app:compileDebugKotlin']
Tasks that were excluded: []
Resolve mutations for :app:checkKotlinGradlePluginConfigurationErrors (Thread[Execution worker,5,main]) started.
:app:checkKotlinGradlePluginConfigurationErrors (Thread[Execution worker,5,main]) started.

> Task :app:checkKotlinGradlePluginConfigurationErrors SKIPPED
Skipping task ':app:checkKotlinGradlePluginConfigurationErrors' as task onlyIf 'errorDiagnostics are present' is false.
Resolve mutations for :app:preBuild (Thread[included builds,5,main]) started.
:app:preBuild (Thread[included builds,5,main]) started.

> Task :app:preBuild UP-TO-DATE
Skipping task ':app:preBuild' as it has no actions.
Resolve mutations for :app:preDebugBuild (Thread[included builds,5,main]) started.
:app:preDebugBuild (Thread[included builds,5,main]) started.

> Task :app:preDebugBuild UP-TO-DATE
Skipping task ':app:preDebugBuild' as it has no actions.
Resolve mutations for :app:checkDebugAarMetadata (Thread[included builds,5,main]) started.
:app:checkDebugAarMetadata (Thread[Execution worker,5,main]) started.

> Task :app:checkDebugAarMetadata UP-TO-DATE
Transforming appcompat-resources-1.7.0.aar (androidx.appcompat:appcompat-resources:1.7.0) with ExtractAarTransform
Transforming appcompat-resources-1.7.0.aar (androidx.appcompat:appcompat-resources:1.7.0) with AarTransform
Transforming appcompat-1.7.0.aar (androidx.appcompat:appcompat:1.7.0) with ExtractAarTransform
Transforming appcompat-1.7.0.aar (androidx.appcompat:appcompat:1.7.0) with AarTransform
Transforming emoji2-views-helper-1.3.0.aar (androidx.emoji2:emoji2-views-helper:1.3.0) with ExtractAarTransform
Transforming emoji2-views-helper-1.3.0.aar (androidx.emoji2:emoji2-views-helper:1.3.0) with AarTransform
Transforming drawerlayout-1.0.0.aar (androidx.drawerlayout:drawerlayout:1.0.0) with ExtractAarTransform
Transforming emoji2-1.3.0.aar (androidx.emoji2:emoji2:1.3.0) with ExtractAarTransform
Transforming emoji2-1.3.0.aar (androidx.emoji2:emoji2:1.3.0) with AarTransform
Transforming drawerlayout-1.0.0.aar (androidx.drawerlayout:drawerlayout:1.0.0) with AarTransform
Transforming vectordrawable-animated-1.1.0.aar (androidx.vectordrawable:vectordrawable-animated:1.1.0) with ExtractAarTransform
Transforming vectordrawable-animated-1.1.0.aar (androidx.vectordrawable:vectordrawable-animated:1.1.0) with AarTransform
Transforming vectordrawable-1.1.0.aar (androidx.vectordrawable:vectordrawable:1.1.0) with ExtractAarTransform
Transforming vectordrawable-1.1.0.aar (androidx.vectordrawable:vectordrawable:1.1.0) with AarTransform
Transforming fragment-1.5.4.aar (androidx.fragment:fragment:1.5.4) with ExtractAarTransform
Transforming fragment-1.5.4.aar (androidx.fragment:fragment:1.5.4) with AarTransform
Transforming viewpager-1.0.0.aar (androidx.viewpager:viewpager:1.0.0) with ExtractAarTransform
Transforming vectordrawable-1.1.0.aar (androidx.vectordrawable:vectordrawable:1.1.0) with ExtractAarTransform
Transforming vectordrawable-1.1.0.aar (androidx.vectordrawable:vectordrawable:1.1.0) with AarTransform
Transforming viewpager-1.0.0.aar (androidx.viewpager:viewpager:1.0.0) with AarTransform
Transforming customview-1.0.0.aar (androidx.customview:customview:1.0.0) with ExtractAarTransform
Transforming customview-1.0.0.aar (androidx.customview:customview:1.0.0) with AarTransform
Transforming customview-1.0.0.aar (androidx.customview:customview:1.0.0) with ExtractAarTransform
Transforming customview-1.0.0.aar (androidx.customview:customview:1.0.0) with AarTransform
Transforming loader-1.0.0.aar (androidx.loader:loader:1.0.0) with ExtractAarTransform
Transforming loader-1.0.0.aar (androidx.loader:loader:1.0.0) with AarTransform
Transforming core-1.15.0.aar (androidx.core:core:1.15.0) with ExtractAarTransform
Transforming core-1.15.0.aar (androidx.core:core:1.15.0) with AarTransform
Transforming core-1.15.0.aar (androidx.core:core:1.15.0) with ExtractAarTransform
Transforming core-1.15.0.aar (androidx.core:core:1.15.0) with ExtractAarTransform
Transforming core-1.15.0.aar (androidx.core:core:1.15.0) with AarTransform
Transforming core-1.15.0.aar (androidx.core:core:1.15.0) with AarTransform
Transforming activity-ktx-1.10.0.aar (androidx.activity:activity-ktx:1.10.0) with ExtractAarTransform
Transforming activity-1.10.0.aar (androidx.activity:activity:1.10.0) with ExtractAarTransform
Transforming activity-ktx-1.10.0.aar (androidx.activity:activity-ktx:1.10.0) with AarTransform
Transforming activity-1.10.0.aar (androidx.activity:activity:1.10.0) with AarTransform
Transforming savedstate-1.2.1.aar (androidx.savedstate:savedstate:1.2.1) with ExtractAarTransform
Transforming savedstate-1.2.1.aar (androidx.savedstate:savedstate:1.2.1) with AarTransform
Transforming savedstate-ktx-1.2.1.aar (androidx.savedstate:savedstate-ktx:1.2.1) with ExtractAarTransform
Transforming savedstate-ktx-1.2.1.aar (androidx.savedstate:savedstate-ktx:1.2.1) with AarTransform
Transforming lifecycle-viewmodel-ktx-2.6.2.aar (androidx.lifecycle:lifecycle-viewmodel-ktx:2.6.2) with ExtractAarTransform
Transforming lifecycle-livedata-2.6.2.aar (androidx.lifecycle:lifecycle-livedata:2.6.2) with ExtractAarTransform
Transforming lifecycle-viewmodel-ktx-2.6.2.aar (androidx.lifecycle:lifecycle-viewmodel-ktx:2.6.2) with AarTransform
Transforming lifecycle-livedata-2.6.2.aar (androidx.lifecycle:lifecycle-livedata:2.6.2) with AarTransform
Transforming lifecycle-viewmodel-2.6.2.aar (androidx.lifecycle:lifecycle-viewmodel:2.6.2) with ExtractAarTransform
Transforming lifecycle-viewmodel-2.6.2.aar (androidx.lifecycle:lifecycle-viewmodel:2.6.2) with ExtractAarTransform
Transforming lifecycle-viewmodel-2.6.2.aar (androidx.lifecycle:lifecycle-viewmodel:2.6.2) with AarTransform
Transforming lifecycle-viewmodel-2.6.2.aar (androidx.lifecycle:lifecycle-viewmodel:2.6.2) with AarTransform
Transforming lifecycle-process-2.6.2.aar (androidx.lifecycle:lifecycle-process:2.6.2) with ExtractAarTransform
Transforming lifecycle-runtime-ktx-2.6.2.aar (androidx.lifecycle:lifecycle-runtime-ktx:2.6.2) with ExtractAarTransform
Transforming lifecycle-runtime-ktx-2.6.2.aar (androidx.lifecycle:lifecycle-runtime-ktx:2.6.2) with AarTransform
Transforming lifecycle-process-2.6.2.aar (androidx.lifecycle:lifecycle-process:2.6.2) with AarTransform
Transforming lifecycle-runtime-2.6.2.aar (androidx.lifecycle:lifecycle-runtime:2.6.2) with ExtractAarTransform
Transforming lifecycle-livedata-core-2.6.2.aar (androidx.lifecycle:lifecycle-livedata-core:2.6.2) with ExtractAarTransform
Transforming lifecycle-livedata-core-2.6.2.aar (androidx.lifecycle:lifecycle-livedata-core:2.6.2) with AarTransform
Transforming lifecycle-runtime-2.6.2.aar (androidx.lifecycle:lifecycle-runtime:2.6.2) with AarTransform
Transforming core-ktx-1.15.0.aar (androidx.core:core-ktx:1.15.0) with ExtractAarTransform
Transforming lifecycle-viewmodel-savedstate-2.6.2.aar (androidx.lifecycle:lifecycle-viewmodel-savedstate:2.6.2) with ExtractAarTransform
Transforming lifecycle-viewmodel-savedstate-2.6.2.aar (androidx.lifecycle:lifecycle-viewmodel-savedstate:2.6.2) with AarTransform
Transforming cursoradapter-1.0.0.aar (androidx.cursoradapter:cursoradapter:1.0.0) with ExtractAarTransform
Transforming cursoradapter-1.0.0.aar (androidx.cursoradapter:cursoradapter:1.0.0) with AarTransform
Transforming core-ktx-1.15.0.aar (androidx.core:core-ktx:1.15.0) with AarTransform
Transforming interpolator-1.0.0.aar (androidx.interpolator:interpolator:1.0.0) with ExtractAarTransform
Transforming interpolator-1.0.0.aar (androidx.interpolator:interpolator:1.0.0) with AarTransform
Transforming interpolator-1.0.0.aar (androidx.interpolator:interpolator:1.0.0) with ExtractAarTransform
Transforming profileinstaller-1.4.0.aar (androidx.profileinstaller:profileinstaller:1.4.0) with ExtractAarTransform
Transforming profileinstaller-1.4.0.aar (androidx.profileinstaller:profileinstaller:1.4.0) with AarTransform
Transforming interpolator-1.0.0.aar (androidx.interpolator:interpolator:1.0.0) with AarTransform
Transforming tracing-1.2.0.aar (androidx.tracing:tracing:1.2.0) with ExtractAarTransform
Transforming startup-runtime-1.1.1.aar (androidx.startup:startup-runtime:1.1.1) with ExtractAarTransform
Transforming tracing-1.2.0.aar (androidx.tracing:tracing:1.2.0) with AarTransform
Transforming startup-runtime-1.1.1.aar (androidx.startup:startup-runtime:1.1.1) with AarTransform
Transforming versionedparcelable-1.1.1.aar (androidx.versionedparcelable:versionedparcelable:1.1.1) with ExtractAarTransform
Transforming versionedparcelable-1.1.1.aar (androidx.versionedparcelable:versionedparcelable:1.1.1) with AarTransform
Transforming core-runtime-2.2.0.aar (androidx.arch.core:core-runtime:2.2.0) with ExtractAarTransform
Transforming annotation-experimental-1.4.1.aar (androidx.annotation:annotation-experimental:1.4.1) with ExtractAarTransform
Transforming annotation-experimental-1.4.1.aar (androidx.annotation:annotation-experimental:1.4.1) with AarTransform
Transforming core-runtime-2.2.0.aar (androidx.arch.core:core-runtime:2.2.0) with AarTransform
Caching disabled for task ':app:checkDebugAarMetadata' because:
  Build cache is disabled
  Caching has been disabled for the task
Skipping task ':app:checkDebugAarMetadata' as it is up-to-date.
Resolve mutations for :app:generateDebugResValues (Thread[Execution worker,5,main]) started.
:app:generateDebugResValues (Thread[Execution worker,5,main]) started.

> Task :app:generateDebugResValues UP-TO-DATE
Caching disabled for task ':app:generateDebugResValues' because:
  Build cache is disabled
Skipping task ':app:generateDebugResValues' as it is up-to-date.
Resolve mutations for :app:mapDebugSourceSetPaths (Thread[included builds,5,main]) started.
:app:mapDebugSourceSetPaths (Thread[included builds,5,main]) started.

> Task :app:mapDebugSourceSetPaths UP-TO-DATE
Transforming appcompat-resources-1.7.0.aar (androidx.appcompat:appcompat-resources:1.7.0) with ExtractAarTransform
Transforming appcompat-resources-1.7.0.aar (androidx.appcompat:appcompat-resources:1.7.0) with AarTransform
Transforming appcompat-1.7.0.aar (androidx.appcompat:appcompat:1.7.0) with ExtractAarTransform
Transforming appcompat-1.7.0.aar (androidx.appcompat:appcompat:1.7.0) with AarTransform
Transforming drawerlayout-1.0.0.aar (androidx.drawerlayout:drawerlayout:1.0.0) with ExtractAarTransform
Transforming drawerlayout-1.0.0.aar (androidx.drawerlayout:drawerlayout:1.0.0) with AarTransform
Transforming emoji2-views-helper-1.3.0.aar (androidx.emoji2:emoji2-views-helper:1.3.0) with ExtractAarTransform
Transforming emoji2-views-helper-1.3.0.aar (androidx.emoji2:emoji2-views-helper:1.3.0) with AarTransform
Transforming emoji2-1.3.0.aar (androidx.emoji2:emoji2:1.3.0) with ExtractAarTransform
Transforming emoji2-1.3.0.aar (androidx.emoji2:emoji2:1.3.0) with AarTransform
Transforming vectordrawable-animated-1.1.0.aar (androidx.vectordrawable:vectordrawable-animated:1.1.0) with ExtractAarTransform
Transforming vectordrawable-animated-1.1.0.aar (androidx.vectordrawable:vectordrawable-animated:1.1.0) with AarTransform
Transforming vectordrawable-1.1.0.aar (androidx.vectordrawable:vectordrawable:1.1.0) with ExtractAarTransform
Transforming vectordrawable-1.1.0.aar (androidx.vectordrawable:vectordrawable:1.1.0) with AarTransform
Transforming vectordrawable-1.1.0.aar (androidx.vectordrawable:vectordrawable:1.1.0) with ExtractAarTransform
Transforming vectordrawable-1.1.0.aar (androidx.vectordrawable:vectordrawable:1.1.0) with AarTransform
Transforming fragment-1.5.4.aar (androidx.fragment:fragment:1.5.4) with ExtractAarTransform
Transforming fragment-1.5.4.aar (androidx.fragment:fragment:1.5.4) with AarTransform
Transforming viewpager-1.0.0.aar (androidx.viewpager:viewpager:1.0.0) with ExtractAarTransform
Transforming viewpager-1.0.0.aar (androidx.viewpager:viewpager:1.0.0) with AarTransform
Transforming customview-1.0.0.aar (androidx.customview:customview:1.0.0) with ExtractAarTransform
Transforming customview-1.0.0.aar (androidx.customview:customview:1.0.0) with AarTransform
Transforming loader-1.0.0.aar (androidx.loader:loader:1.0.0) with ExtractAarTransform
Transforming loader-1.0.0.aar (androidx.loader:loader:1.0.0) with AarTransform
Transforming core-1.15.0.aar (androidx.core:core:1.15.0) with ExtractAarTransform
Transforming core-1.15.0.aar (androidx.core:core:1.15.0) with AarTransform
Transforming core-1.15.0.aar (androidx.core:core:1.15.0) with ExtractAarTransform
Transforming core-1.15.0.aar (androidx.core:core:1.15.0) with AarTransform
Transforming activity-ktx-1.10.0.aar (androidx.activity:activity-ktx:1.10.0) with ExtractAarTransform
Transforming activity-ktx-1.10.0.aar (androidx.activity:activity-ktx:1.10.0) with AarTransform
Transforming activity-1.10.0.aar (androidx.activity:activity:1.10.0) with ExtractAarTransform
Transforming activity-1.10.0.aar (androidx.activity:activity:1.10.0) with AarTransform
Transforming savedstate-ktx-1.2.1.aar (androidx.savedstate:savedstate-ktx:1.2.1) with ExtractAarTransform
Transforming savedstate-ktx-1.2.1.aar (androidx.savedstate:savedstate-ktx:1.2.1) with AarTransform
Transforming savedstate-1.2.1.aar (androidx.savedstate:savedstate:1.2.1) with ExtractAarTransform
Transforming savedstate-1.2.1.aar (androidx.savedstate:savedstate:1.2.1) with AarTransform
Transforming lifecycle-livedata-2.6.2.aar (androidx.lifecycle:lifecycle-livedata:2.6.2) with ExtractAarTransform
Transforming lifecycle-livedata-2.6.2.aar (androidx.lifecycle:lifecycle-livedata:2.6.2) with AarTransform
Transforming lifecycle-viewmodel-ktx-2.6.2.aar (androidx.lifecycle:lifecycle-viewmodel-ktx:2.6.2) with ExtractAarTransform
Transforming lifecycle-viewmodel-ktx-2.6.2.aar (androidx.lifecycle:lifecycle-viewmodel-ktx:2.6.2) with AarTransform
Transforming lifecycle-viewmodel-2.6.2.aar (androidx.lifecycle:lifecycle-viewmodel:2.6.2) with ExtractAarTransform
Transforming lifecycle-viewmodel-2.6.2.aar (androidx.lifecycle:lifecycle-viewmodel:2.6.2) with AarTransform
Transforming lifecycle-viewmodel-2.6.2.aar (androidx.lifecycle:lifecycle-viewmodel:2.6.2) with ExtractAarTransform
Transforming lifecycle-viewmodel-2.6.2.aar (androidx.lifecycle:lifecycle-viewmodel:2.6.2) with AarTransform
Transforming lifecycle-runtime-ktx-2.6.2.aar (androidx.lifecycle:lifecycle-runtime-ktx:2.6.2) with ExtractAarTransform
Transforming lifecycle-runtime-ktx-2.6.2.aar (androidx.lifecycle:lifecycle-runtime-ktx:2.6.2) with AarTransform
Transforming lifecycle-process-2.6.2.aar (androidx.lifecycle:lifecycle-process:2.6.2) with ExtractAarTransform
Transforming lifecycle-process-2.6.2.aar (androidx.lifecycle:lifecycle-process:2.6.2) with AarTransform
Transforming lifecycle-livedata-core-2.6.2.aar (androidx.lifecycle:lifecycle-livedata-core:2.6.2) with ExtractAarTransform
Transforming lifecycle-livedata-core-2.6.2.aar (androidx.lifecycle:lifecycle-livedata-core:2.6.2) with AarTransform
Transforming lifecycle-runtime-2.6.2.aar (androidx.lifecycle:lifecycle-runtime:2.6.2) with ExtractAarTransform
Transforming lifecycle-runtime-2.6.2.aar (androidx.lifecycle:lifecycle-runtime:2.6.2) with AarTransform
Transforming lifecycle-viewmodel-savedstate-2.6.2.aar (androidx.lifecycle:lifecycle-viewmodel-savedstate:2.6.2) with ExtractAarTransform
Transforming lifecycle-viewmodel-savedstate-2.6.2.aar (androidx.lifecycle:lifecycle-viewmodel-savedstate:2.6.2) with AarTransform
Transforming core-ktx-1.15.0.aar (androidx.core:core-ktx:1.15.0) with ExtractAarTransform
Transforming core-ktx-1.15.0.aar (androidx.core:core-ktx:1.15.0) with AarTransform
Transforming cursoradapter-1.0.0.aar (androidx.cursoradapter:cursoradapter:1.0.0) with ExtractAarTransform
Transforming cursoradapter-1.0.0.aar (androidx.cursoradapter:cursoradapter:1.0.0) with AarTransform
Transforming interpolator-1.0.0.aar (androidx.interpolator:interpolator:1.0.0) with ExtractAarTransform
Transforming interpolator-1.0.0.aar (androidx.interpolator:interpolator:1.0.0) with AarTransform
Transforming interpolator-1.0.0.aar (androidx.interpolator:interpolator:1.0.0) with ExtractAarTransform
Transforming interpolator-1.0.0.aar (androidx.interpolator:interpolator:1.0.0) with AarTransform
Transforming profileinstaller-1.4.0.aar (androidx.profileinstaller:profileinstaller:1.4.0) with ExtractAarTransform
Transforming profileinstaller-1.4.0.aar (androidx.profileinstaller:profileinstaller:1.4.0) with AarTransform
Transforming startup-runtime-1.1.1.aar (androidx.startup:startup-runtime:1.1.1) with ExtractAarTransform
Transforming startup-runtime-1.1.1.aar (androidx.startup:startup-runtime:1.1.1) with AarTransform
Transforming tracing-1.2.0.aar (androidx.tracing:tracing:1.2.0) with ExtractAarTransform
Transforming tracing-1.2.0.aar (androidx.tracing:tracing:1.2.0) with AarTransform
Transforming versionedparcelable-1.1.1.aar (androidx.versionedparcelable:versionedparcelable:1.1.1) with ExtractAarTransform
Transforming versionedparcelable-1.1.1.aar (androidx.versionedparcelable:versionedparcelable:1.1.1) with AarTransform
Transforming core-runtime-2.2.0.aar (androidx.arch.core:core-runtime:2.2.0) with ExtractAarTransform
Transforming core-runtime-2.2.0.aar (androidx.arch.core:core-runtime:2.2.0) with AarTransform
Transforming annotation-experimental-1.4.1.aar (androidx.annotation:annotation-experimental:1.4.1) with ExtractAarTransform
Transforming annotation-experimental-1.4.1.aar (androidx.annotation:annotation-experimental:1.4.1) with AarTransform
Caching disabled for task ':app:mapDebugSourceSetPaths' because:
  Build cache is disabled
  Caching has been disabled for the task
Skipping task ':app:mapDebugSourceSetPaths' as it is up-to-date.
Resolve mutations for :app:generateDebugResources (Thread[included builds,5,main]) started.
:app:generateDebugResources (Thread[included builds,5,main]) started.

> Task :app:generateDebugResources UP-TO-DATE
Caching disabled for task ':app:generateDebugResources' because:
  Build cache is disabled
Skipping task ':app:generateDebugResources' as it is up-to-date.
Resolve mutations for :app:mergeDebugResources (Thread[included builds,5,main]) started.
:app:mergeDebugResources (Thread[included builds,5,main]) started.

> Task :app:mergeDebugResources UP-TO-DATE
Caching disabled for task ':app:mergeDebugResources' because:
  Build cache is disabled
Skipping task ':app:mergeDebugResources' as it is up-to-date.
Resolve mutations for :app:packageDebugResources (Thread[included builds,5,main]) started.
:app:packageDebugResources (Thread[Execution worker,5,main]) started.

> Task :app:packageDebugResources UP-TO-DATE
Caching disabled for task ':app:packageDebugResources' because:
  Build cache is disabled
Skipping task ':app:packageDebugResources' as it is up-to-date.
Resolve mutations for :app:parseDebugLocalResources (Thread[Execution worker,5,main]) started.
:app:parseDebugLocalResources (Thread[Execution worker,5,main]) started.

> Task :app:parseDebugLocalResources UP-TO-DATE
Transforming android.jar with PlatformAttrTransform
Transforming android.jar with PlatformAttrTransform
Caching disabled for task ':app:parseDebugLocalResources' because:
  Build cache is disabled
Skipping task ':app:parseDebugLocalResources' as it is up-to-date.
Resolve mutations for :app:createDebugCompatibleScreenManifests (Thread[included builds,5,main]) started.
:app:createDebugCompatibleScreenManifests (Thread[included builds,5,main]) started.

> Task :app:createDebugCompatibleScreenManifests UP-TO-DATE
Caching disabled for task ':app:createDebugCompatibleScreenManifests' because:
  Build cache is disabled
  Caching has been disabled for the task
Skipping task ':app:createDebugCompatibleScreenManifests' as it is up-to-date.
Resolve mutations for :app:extractDeepLinksDebug (Thread[included builds,5,main]) started.
:app:extractDeepLinksDebug (Thread[Execution worker,5,main]) started.

> Task :app:extractDeepLinksDebug UP-TO-DATE
Caching disabled for task ':app:extractDeepLinksDebug' because:
  Build cache is disabled
Skipping task ':app:extractDeepLinksDebug' as it is up-to-date.
Resolve mutations for :app:processDebugMainManifest (Thread[included builds,5,main]) started.
:app:processDebugMainManifest (Thread[included builds,5,main]) started.

> Task :app:processDebugMainManifest UP-TO-DATE
Transforming appcompat-resources-1.7.0.aar (androidx.appcompat:appcompat-resources:1.7.0) with ExtractAarTransform
Transforming appcompat-resources-1.7.0.aar (androidx.appcompat:appcompat-resources:1.7.0) with AarTransform
Transforming appcompat-1.7.0.aar (androidx.appcompat:appcompat:1.7.0) with ExtractAarTransform
Transforming appcompat-1.7.0.aar (androidx.appcompat:appcompat:1.7.0) with AarTransform
Transforming drawerlayout-1.0.0.aar (androidx.drawerlayout:drawerlayout:1.0.0) with ExtractAarTransform
Transforming drawerlayout-1.0.0.aar (androidx.drawerlayout:drawerlayout:1.0.0) with AarTransform
Transforming emoji2-views-helper-1.3.0.aar (androidx.emoji2:emoji2-views-helper:1.3.0) with ExtractAarTransform
Transforming emoji2-views-helper-1.3.0.aar (androidx.emoji2:emoji2-views-helper:1.3.0) with AarTransform
Transforming emoji2-1.3.0.aar (androidx.emoji2:emoji2:1.3.0) with ExtractAarTransform
Transforming emoji2-1.3.0.aar (androidx.emoji2:emoji2:1.3.0) with AarTransform
Transforming vectordrawable-animated-1.1.0.aar (androidx.vectordrawable:vectordrawable-animated:1.1.0) with ExtractAarTransform
Transforming vectordrawable-animated-1.1.0.aar (androidx.vectordrawable:vectordrawable-animated:1.1.0) with AarTransform
Transforming vectordrawable-1.1.0.aar (androidx.vectordrawable:vectordrawable:1.1.0) with ExtractAarTransform
Transforming vectordrawable-1.1.0.aar (androidx.vectordrawable:vectordrawable:1.1.0) with AarTransform
Transforming vectordrawable-1.1.0.aar (androidx.vectordrawable:vectordrawable:1.1.0) with ExtractAarTransform
Transforming vectordrawable-1.1.0.aar (androidx.vectordrawable:vectordrawable:1.1.0) with AarTransform
Transforming fragment-1.5.4.aar (androidx.fragment:fragment:1.5.4) with ExtractAarTransform
Transforming fragment-1.5.4.aar (androidx.fragment:fragment:1.5.4) with AarTransform
Transforming viewpager-1.0.0.aar (androidx.viewpager:viewpager:1.0.0) with ExtractAarTransform
Transforming viewpager-1.0.0.aar (androidx.viewpager:viewpager:1.0.0) with AarTransform
Transforming customview-1.0.0.aar (androidx.customview:customview:1.0.0) with ExtractAarTransform
Transforming customview-1.0.0.aar (androidx.customview:customview:1.0.0) with AarTransform
Transforming loader-1.0.0.aar (androidx.loader:loader:1.0.0) with ExtractAarTransform
Transforming loader-1.0.0.aar (androidx.loader:loader:1.0.0) with AarTransform
Transforming core-1.15.0.aar (androidx.core:core:1.15.0) with ExtractAarTransform
Transforming core-1.15.0.aar (androidx.core:core:1.15.0) with AarTransform
Transforming core-1.15.0.aar (androidx.core:core:1.15.0) with ExtractAarTransform
Transforming core-1.15.0.aar (androidx.core:core:1.15.0) with AarTransform
Transforming activity-ktx-1.10.0.aar (androidx.activity:activity-ktx:1.10.0) with ExtractAarTransform
Transforming activity-ktx-1.10.0.aar (androidx.activity:activity-ktx:1.10.0) with AarTransform
Transforming activity-1.10.0.aar (androidx.activity:activity:1.10.0) with ExtractAarTransform
Transforming activity-1.10.0.aar (androidx.activity:activity:1.10.0) with AarTransform
Transforming savedstate-ktx-1.2.1.aar (androidx.savedstate:savedstate-ktx:1.2.1) with ExtractAarTransform
Transforming savedstate-ktx-1.2.1.aar (androidx.savedstate:savedstate-ktx:1.2.1) with AarTransform
Transforming savedstate-1.2.1.aar (androidx.savedstate:savedstate:1.2.1) with ExtractAarTransform
Transforming savedstate-1.2.1.aar (androidx.savedstate:savedstate:1.2.1) with AarTransform
Transforming lifecycle-livedata-2.6.2.aar (androidx.lifecycle:lifecycle-livedata:2.6.2) with ExtractAarTransform
Transforming lifecycle-livedata-2.6.2.aar (androidx.lifecycle:lifecycle-livedata:2.6.2) with AarTransform
Transforming lifecycle-viewmodel-ktx-2.6.2.aar (androidx.lifecycle:lifecycle-viewmodel-ktx:2.6.2) with ExtractAarTransform
Transforming lifecycle-viewmodel-ktx-2.6.2.aar (androidx.lifecycle:lifecycle-viewmodel-ktx:2.6.2) with AarTransform
Transforming lifecycle-viewmodel-2.6.2.aar (androidx.lifecycle:lifecycle-viewmodel:2.6.2) with ExtractAarTransform
Transforming lifecycle-viewmodel-2.6.2.aar (androidx.lifecycle:lifecycle-viewmodel:2.6.2) with AarTransform
Transforming lifecycle-viewmodel-2.6.2.aar (androidx.lifecycle:lifecycle-viewmodel:2.6.2) with ExtractAarTransform
Transforming lifecycle-viewmodel-2.6.2.aar (androidx.lifecycle:lifecycle-viewmodel:2.6.2) with AarTransform
Transforming lifecycle-runtime-ktx-2.6.2.aar (androidx.lifecycle:lifecycle-runtime-ktx:2.6.2) with ExtractAarTransform
Transforming lifecycle-runtime-ktx-2.6.2.aar (androidx.lifecycle:lifecycle-runtime-ktx:2.6.2) with AarTransform
Transforming lifecycle-process-2.6.2.aar (androidx.lifecycle:lifecycle-process:2.6.2) with ExtractAarTransform
Transforming lifecycle-process-2.6.2.aar (androidx.lifecycle:lifecycle-process:2.6.2) with AarTransform
Transforming lifecycle-livedata-core-2.6.2.aar (androidx.lifecycle:lifecycle-livedata-core:2.6.2) with ExtractAarTransform
Transforming lifecycle-livedata-core-2.6.2.aar (androidx.lifecycle:lifecycle-livedata-core:2.6.2) with AarTransform
Transforming lifecycle-runtime-2.6.2.aar (androidx.lifecycle:lifecycle-runtime:2.6.2) with ExtractAarTransform
Transforming lifecycle-runtime-2.6.2.aar (androidx.lifecycle:lifecycle-runtime:2.6.2) with AarTransform
Transforming lifecycle-viewmodel-savedstate-2.6.2.aar (androidx.lifecycle:lifecycle-viewmodel-savedstate:2.6.2) with ExtractAarTransform
Transforming lifecycle-viewmodel-savedstate-2.6.2.aar (androidx.lifecycle:lifecycle-viewmodel-savedstate:2.6.2) with AarTransform
Transforming core-ktx-1.15.0.aar (androidx.core:core-ktx:1.15.0) with ExtractAarTransform
Transforming core-ktx-1.15.0.aar (androidx.core:core-ktx:1.15.0) with AarTransform
Transforming cursoradapter-1.0.0.aar (androidx.cursoradapter:cursoradapter:1.0.0) with ExtractAarTransform
Transforming cursoradapter-1.0.0.aar (androidx.cursoradapter:cursoradapter:1.0.0) with AarTransform
Transforming interpolator-1.0.0.aar (androidx.interpolator:interpolator:1.0.0) with ExtractAarTransform
Transforming interpolator-1.0.0.aar (androidx.interpolator:interpolator:1.0.0) with AarTransform
Transforming interpolator-1.0.0.aar (androidx.interpolator:interpolator:1.0.0) with ExtractAarTransform
Transforming interpolator-1.0.0.aar (androidx.interpolator:interpolator:1.0.0) with AarTransform
Transforming profileinstaller-1.4.0.aar (androidx.profileinstaller:profileinstaller:1.4.0) with ExtractAarTransform
Transforming profileinstaller-1.4.0.aar (androidx.profileinstaller:profileinstaller:1.4.0) with AarTransform
Transforming startup-runtime-1.1.1.aar (androidx.startup:startup-runtime:1.1.1) with ExtractAarTransform
Transforming startup-runtime-1.1.1.aar (androidx.startup:startup-runtime:1.1.1) with AarTransform
Transforming tracing-1.2.0.aar (androidx.tracing:tracing:1.2.0) with ExtractAarTransform
Transforming tracing-1.2.0.aar (androidx.tracing:tracing:1.2.0) with AarTransform
Transforming versionedparcelable-1.1.1.aar (androidx.versionedparcelable:versionedparcelable:1.1.1) with ExtractAarTransform
Transforming versionedparcelable-1.1.1.aar (androidx.versionedparcelable:versionedparcelable:1.1.1) with AarTransform
Transforming core-runtime-2.2.0.aar (androidx.arch.core:core-runtime:2.2.0) with ExtractAarTransform
Transforming core-runtime-2.2.0.aar (androidx.arch.core:core-runtime:2.2.0) with AarTransform
Transforming annotation-experimental-1.4.1.aar (androidx.annotation:annotation-experimental:1.4.1) with ExtractAarTransform
Transforming annotation-experimental-1.4.1.aar (androidx.annotation:annotation-experimental:1.4.1) with AarTransform
Transforming appcompat-resources-1.7.0.aar (androidx.appcompat:appcompat-resources:1.7.0) with ExtractAarTransform
Transforming appcompat-resources-1.7.0.aar (androidx.appcompat:appcompat-resources:1.7.0) with AarTransform
Transforming appcompat-1.7.0.aar (androidx.appcompat:appcompat:1.7.0) with ExtractAarTransform
Transforming appcompat-1.7.0.aar (androidx.appcompat:appcompat:1.7.0) with AarTransform
Transforming drawerlayout-1.0.0.aar (androidx.drawerlayout:drawerlayout:1.0.0) with ExtractAarTransform
Transforming drawerlayout-1.0.0.aar (androidx.drawerlayout:drawerlayout:1.0.0) with AarTransform
Transforming emoji2-views-helper-1.3.0.aar (androidx.emoji2:emoji2-views-helper:1.3.0) with ExtractAarTransform
Transforming emoji2-views-helper-1.3.0.aar (androidx.emoji2:emoji2-views-helper:1.3.0) with AarTransform
Transforming emoji2-1.3.0.aar (androidx.emoji2:emoji2:1.3.0) with ExtractAarTransform
Transforming emoji2-1.3.0.aar (androidx.emoji2:emoji2:1.3.0) with AarTransform
Transforming vectordrawable-animated-1.1.0.aar (androidx.vectordrawable:vectordrawable-animated:1.1.0) with ExtractAarTransform
Transforming vectordrawable-animated-1.1.0.aar (androidx.vectordrawable:vectordrawable-animated:1.1.0) with AarTransform
Transforming vectordrawable-1.1.0.aar (androidx.vectordrawable:vectordrawable:1.1.0) with ExtractAarTransform
Transforming vectordrawable-1.1.0.aar (androidx.vectordrawable:vectordrawable:1.1.0) with AarTransform
Transforming vectordrawable-1.1.0.aar (androidx.vectordrawable:vectordrawable:1.1.0) with ExtractAarTransform
Transforming vectordrawable-1.1.0.aar (androidx.vectordrawable:vectordrawable:1.1.0) with AarTransform
Transforming fragment-1.5.4.aar (androidx.fragment:fragment:1.5.4) with ExtractAarTransform
Transforming fragment-1.5.4.aar (androidx.fragment:fragment:1.5.4) with AarTransform
Transforming viewpager-1.0.0.aar (androidx.viewpager:viewpager:1.0.0) with ExtractAarTransform
Transforming viewpager-1.0.0.aar (androidx.viewpager:viewpager:1.0.0) with AarTransform
Transforming customview-1.0.0.aar (androidx.customview:customview:1.0.0) with ExtractAarTransform
Transforming customview-1.0.0.aar (androidx.customview:customview:1.0.0) with AarTransform
Transforming loader-1.0.0.aar (androidx.loader:loader:1.0.0) with ExtractAarTransform
Transforming loader-1.0.0.aar (androidx.loader:loader:1.0.0) with AarTransform
Transforming core-1.15.0.aar (androidx.core:core:1.15.0) with ExtractAarTransform
Transforming core-1.15.0.aar (androidx.core:core:1.15.0) with AarTransform
Transforming core-1.15.0.aar (androidx.core:core:1.15.0) with ExtractAarTransform
Transforming core-1.15.0.aar (androidx.core:core:1.15.0) with AarTransform
Transforming activity-ktx-1.10.0.aar (androidx.activity:activity-ktx:1.10.0) with ExtractAarTransform
Transforming activity-ktx-1.10.0.aar (androidx.activity:activity-ktx:1.10.0) with AarTransform
Transforming activity-1.10.0.aar (androidx.activity:activity:1.10.0) with ExtractAarTransform
Transforming activity-1.10.0.aar (androidx.activity:activity:1.10.0) with AarTransform
Transforming savedstate-ktx-1.2.1.aar (androidx.savedstate:savedstate-ktx:1.2.1) with ExtractAarTransform
Transforming savedstate-ktx-1.2.1.aar (androidx.savedstate:savedstate-ktx:1.2.1) with AarTransform
Transforming savedstate-1.2.1.aar (androidx.savedstate:savedstate:1.2.1) with ExtractAarTransform
Transforming savedstate-1.2.1.aar (androidx.savedstate:savedstate:1.2.1) with AarTransform
Transforming lifecycle-livedata-2.6.2.aar (androidx.lifecycle:lifecycle-livedata:2.6.2) with ExtractAarTransform
Transforming lifecycle-livedata-2.6.2.aar (androidx.lifecycle:lifecycle-livedata:2.6.2) with AarTransform
Transforming lifecycle-viewmodel-ktx-2.6.2.aar (androidx.lifecycle:lifecycle-viewmodel-ktx:2.6.2) with ExtractAarTransform
Transforming lifecycle-viewmodel-ktx-2.6.2.aar (androidx.lifecycle:lifecycle-viewmodel-ktx:2.6.2) with AarTransform
Transforming lifecycle-viewmodel-2.6.2.aar (androidx.lifecycle:lifecycle-viewmodel:2.6.2) with ExtractAarTransform
Transforming lifecycle-viewmodel-2.6.2.aar (androidx.lifecycle:lifecycle-viewmodel:2.6.2) with AarTransform
Transforming lifecycle-viewmodel-2.6.2.aar (androidx.lifecycle:lifecycle-viewmodel:2.6.2) with ExtractAarTransform
Transforming lifecycle-viewmodel-2.6.2.aar (androidx.lifecycle:lifecycle-viewmodel:2.6.2) with AarTransform
Transforming lifecycle-runtime-ktx-2.6.2.aar (androidx.lifecycle:lifecycle-runtime-ktx:2.6.2) with ExtractAarTransform
Transforming lifecycle-runtime-ktx-2.6.2.aar (androidx.lifecycle:lifecycle-runtime-ktx:2.6.2) with AarTransform
Transforming lifecycle-process-2.6.2.aar (androidx.lifecycle:lifecycle-process:2.6.2) with ExtractAarTransform
Transforming lifecycle-process-2.6.2.aar (androidx.lifecycle:lifecycle-process:2.6.2) with AarTransform
Transforming lifecycle-livedata-core-2.6.2.aar (androidx.lifecycle:lifecycle-livedata-core:2.6.2) with ExtractAarTransform
Transforming lifecycle-livedata-core-2.6.2.aar (androidx.lifecycle:lifecycle-livedata-core:2.6.2) with AarTransform
Transforming lifecycle-runtime-2.6.2.aar (androidx.lifecycle:lifecycle-runtime:2.6.2) with ExtractAarTransform
Transforming lifecycle-runtime-2.6.2.aar (androidx.lifecycle:lifecycle-runtime:2.6.2) with AarTransform
Transforming lifecycle-viewmodel-savedstate-2.6.2.aar (androidx.lifecycle:lifecycle-viewmodel-savedstate:2.6.2) with ExtractAarTransform
Transforming lifecycle-viewmodel-savedstate-2.6.2.aar (androidx.lifecycle:lifecycle-viewmodel-savedstate:2.6.2) with AarTransform
Transforming core-ktx-1.15.0.aar (androidx.core:core-ktx:1.15.0) with ExtractAarTransform
Transforming core-ktx-1.15.0.aar (androidx.core:core-ktx:1.15.0) with AarTransform
Transforming cursoradapter-1.0.0.aar (androidx.cursoradapter:cursoradapter:1.0.0) with ExtractAarTransform
Transforming cursoradapter-1.0.0.aar (androidx.cursoradapter:cursoradapter:1.0.0) with AarTransform
Transforming interpolator-1.0.0.aar (androidx.interpolator:interpolator:1.0.0) with ExtractAarTransform
Transforming interpolator-1.0.0.aar (androidx.interpolator:interpolator:1.0.0) with AarTransform
Transforming interpolator-1.0.0.aar (androidx.interpolator:interpolator:1.0.0) with ExtractAarTransform
Transforming interpolator-1.0.0.aar (androidx.interpolator:interpolator:1.0.0) with AarTransform
Transforming profileinstaller-1.4.0.aar (androidx.profileinstaller:profileinstaller:1.4.0) with ExtractAarTransform
Transforming profileinstaller-1.4.0.aar (androidx.profileinstaller:profileinstaller:1.4.0) with AarTransform
Transforming startup-runtime-1.1.1.aar (androidx.startup:startup-runtime:1.1.1) with ExtractAarTransform
Transforming startup-runtime-1.1.1.aar (androidx.startup:startup-runtime:1.1.1) with AarTransform
Transforming tracing-1.2.0.aar (androidx.tracing:tracing:1.2.0) with ExtractAarTransform
Transforming tracing-1.2.0.aar (androidx.tracing:tracing:1.2.0) with AarTransform
Transforming versionedparcelable-1.1.1.aar (androidx.versionedparcelable:versionedparcelable:1.1.1) with ExtractAarTransform
Transforming versionedparcelable-1.1.1.aar (androidx.versionedparcelable:versionedparcelable:1.1.1) with AarTransform
Transforming core-runtime-2.2.0.aar (androidx.arch.core:core-runtime:2.2.0) with ExtractAarTransform
Transforming core-runtime-2.2.0.aar (androidx.arch.core:core-runtime:2.2.0) with AarTransform
Transforming annotation-experimental-1.4.1.aar (androidx.annotation:annotation-experimental:1.4.1) with ExtractAarTransform
Transforming annotation-experimental-1.4.1.aar (androidx.annotation:annotation-experimental:1.4.1) with AarTransform
Caching disabled for task ':app:processDebugMainManifest' because:
  Build cache is disabled
Skipping task ':app:processDebugMainManifest' as it is up-to-date.
Resolve mutations for :app:processDebugManifest (Thread[included builds,5,main]) started.
:app:processDebugManifest (Thread[included builds,5,main]) started.

> Task :app:processDebugManifest UP-TO-DATE
Caching disabled for task ':app:processDebugManifest' because:
  Build cache is disabled
Skipping task ':app:processDebugManifest' as it is up-to-date.
Resolve mutations for :app:processDebugManifestForPackage (Thread[included builds,5,main]) started.
:app:processDebugManifestForPackage (Thread[included builds,5,main]) started.

> Task :app:processDebugManifestForPackage UP-TO-DATE
Custom actions are attached to task ':app:processDebugManifestForPackage'.
Caching disabled for task ':app:processDebugManifestForPackage' because:
  Build cache is disabled
Skipping task ':app:processDebugManifestForPackage' as it is up-to-date.
Resolve mutations for :app:processDebugResources (Thread[included builds,5,main]) started.
:app:processDebugResources (Thread[included builds,5,main]) started.

> Task :app:processDebugResources UP-TO-DATE
Transforming aapt2-8.5.2-11315950-linux.jar (com.android.tools.build:aapt2:8.5.2-11315950) with Aapt2Extractor
Transforming appcompat-resources-1.7.0.aar (androidx.appcompat:appcompat-resources:1.7.0) with ExtractAarTransform
Transforming appcompat-resources-1.7.0.aar (androidx.appcompat:appcompat-resources:1.7.0) with AarResourcesCompilerTransform
Transforming appcompat-1.7.0.aar (androidx.appcompat:appcompat:1.7.0) with ExtractAarTransform
Transforming appcompat-1.7.0.aar (androidx.appcompat:appcompat:1.7.0) with AarResourcesCompilerTransform
Transforming drawerlayout-1.0.0.aar (androidx.drawerlayout:drawerlayout:1.0.0) with ExtractAarTransform
Transforming drawerlayout-1.0.0.aar (androidx.drawerlayout:drawerlayout:1.0.0) with AarResourcesCompilerTransform
Transforming emoji2-views-helper-1.3.0.aar (androidx.emoji2:emoji2-views-helper:1.3.0) with ExtractAarTransform
Transforming emoji2-views-helper-1.3.0.aar (androidx.emoji2:emoji2-views-helper:1.3.0) with AarResourcesCompilerTransform
Transforming emoji2-1.3.0.aar (androidx.emoji2:emoji2:1.3.0) with ExtractAarTransform
Transforming emoji2-1.3.0.aar (androidx.emoji2:emoji2:1.3.0) with AarResourcesCompilerTransform
Transforming vectordrawable-animated-1.1.0.aar (androidx.vectordrawable:vectordrawable-animated:1.1.0) with ExtractAarTransform
Transforming vectordrawable-animated-1.1.0.aar (androidx.vectordrawable:vectordrawable-animated:1.1.0) with AarResourcesCompilerTransform
Transforming vectordrawable-1.1.0.aar (androidx.vectordrawable:vectordrawable:1.1.0) with ExtractAarTransform
Transforming vectordrawable-1.1.0.aar (androidx.vectordrawable:vectordrawable:1.1.0) with AarResourcesCompilerTransform
Transforming vectordrawable-1.1.0.aar (androidx.vectordrawable:vectordrawable:1.1.0) with ExtractAarTransform
Transforming vectordrawable-1.1.0.aar (androidx.vectordrawable:vectordrawable:1.1.0) with AarResourcesCompilerTransform
Transforming fragment-1.5.4.aar (androidx.fragment:fragment:1.5.4) with ExtractAarTransform
Transforming fragment-1.5.4.aar (androidx.fragment:fragment:1.5.4) with AarResourcesCompilerTransform
Transforming viewpager-1.0.0.aar (androidx.viewpager:viewpager:1.0.0) with ExtractAarTransform
Transforming viewpager-1.0.0.aar (androidx.viewpager:viewpager:1.0.0) with AarResourcesCompilerTransform
Transforming customview-1.0.0.aar (androidx.customview:customview:1.0.0) with ExtractAarTransform
Transforming customview-1.0.0.aar (androidx.customview:customview:1.0.0) with AarResourcesCompilerTransform
Transforming loader-1.0.0.aar (androidx.loader:loader:1.0.0) with ExtractAarTransform
Transforming loader-1.0.0.aar (androidx.loader:loader:1.0.0) with AarResourcesCompilerTransform
Transforming core-1.15.0.aar (androidx.core:core:1.15.0) with ExtractAarTransform
Transforming core-1.15.0.aar (androidx.core:core:1.15.0) with AarResourcesCompilerTransform
Transforming core-1.15.0.aar (androidx.core:core:1.15.0) with ExtractAarTransform
Transforming core-1.15.0.aar (androidx.core:core:1.15.0) with AarResourcesCompilerTransform
Transforming activity-ktx-1.10.0.aar (androidx.activity:activity-ktx:1.10.0) with ExtractAarTransform
Transforming activity-ktx-1.10.0.aar (androidx.activity:activity-ktx:1.10.0) with AarResourcesCompilerTransform
Transforming activity-1.10.0.aar (androidx.activity:activity:1.10.0) with ExtractAarTransform
Transforming activity-1.10.0.aar (androidx.activity:activity:1.10.0) with AarResourcesCompilerTransform
Transforming savedstate-ktx-1.2.1.aar (androidx.savedstate:savedstate-ktx:1.2.1) with ExtractAarTransform
Transforming savedstate-ktx-1.2.1.aar (androidx.savedstate:savedstate-ktx:1.2.1) with AarResourcesCompilerTransform
Transforming savedstate-1.2.1.aar (androidx.savedstate:savedstate:1.2.1) with ExtractAarTransform
Transforming savedstate-1.2.1.aar (androidx.savedstate:savedstate:1.2.1) with AarResourcesCompilerTransform
Transforming lifecycle-livedata-2.6.2.aar (androidx.lifecycle:lifecycle-livedata:2.6.2) with ExtractAarTransform
Transforming lifecycle-livedata-2.6.2.aar (androidx.lifecycle:lifecycle-livedata:2.6.2) with AarResourcesCompilerTransform
Transforming lifecycle-viewmodel-ktx-2.6.2.aar (androidx.lifecycle:lifecycle-viewmodel-ktx:2.6.2) with ExtractAarTransform
Transforming lifecycle-viewmodel-ktx-2.6.2.aar (androidx.lifecycle:lifecycle-viewmodel-ktx:2.6.2) with AarResourcesCompilerTransform
Transforming lifecycle-viewmodel-2.6.2.aar (androidx.lifecycle:lifecycle-viewmodel:2.6.2) with ExtractAarTransform
Transforming lifecycle-viewmodel-2.6.2.aar (androidx.lifecycle:lifecycle-viewmodel:2.6.2) with AarResourcesCompilerTransform
Transforming lifecycle-viewmodel-2.6.2.aar (androidx.lifecycle:lifecycle-viewmodel:2.6.2) with ExtractAarTransform
Transforming lifecycle-viewmodel-2.6.2.aar (androidx.lifecycle:lifecycle-viewmodel:2.6.2) with AarResourcesCompilerTransform
Transforming lifecycle-runtime-ktx-2.6.2.aar (androidx.lifecycle:lifecycle-runtime-ktx:2.6.2) with ExtractAarTransform
Transforming lifecycle-runtime-ktx-2.6.2.aar (androidx.lifecycle:lifecycle-runtime-ktx:2.6.2) with AarResourcesCompilerTransform
Transforming lifecycle-process-2.6.2.aar (androidx.lifecycle:lifecycle-process:2.6.2) with ExtractAarTransform
Transforming lifecycle-process-2.6.2.aar (androidx.lifecycle:lifecycle-process:2.6.2) with AarResourcesCompilerTransform
Transforming lifecycle-livedata-core-2.6.2.aar (androidx.lifecycle:lifecycle-livedata-core:2.6.2) with ExtractAarTransform
Transforming lifecycle-livedata-core-2.6.2.aar (androidx.lifecycle:lifecycle-livedata-core:2.6.2) with AarResourcesCompilerTransform
Transforming lifecycle-runtime-2.6.2.aar (androidx.lifecycle:lifecycle-runtime:2.6.2) with ExtractAarTransform
Transforming lifecycle-runtime-2.6.2.aar (androidx.lifecycle:lifecycle-runtime:2.6.2) with AarResourcesCompilerTransform
Transforming lifecycle-viewmodel-savedstate-2.6.2.aar (androidx.lifecycle:lifecycle-viewmodel-savedstate:2.6.2) with ExtractAarTransform
Transforming lifecycle-viewmodel-savedstate-2.6.2.aar (androidx.lifecycle:lifecycle-viewmodel-savedstate:2.6.2) with AarResourcesCompilerTransform
Transforming core-ktx-1.15.0.aar (androidx.core:core-ktx:1.15.0) with ExtractAarTransform
Transforming core-ktx-1.15.0.aar (androidx.core:core-ktx:1.15.0) with AarResourcesCompilerTransform
Transforming cursoradapter-1.0.0.aar (androidx.cursoradapter:cursoradapter:1.0.0) with ExtractAarTransform
Transforming cursoradapter-1.0.0.aar (androidx.cursoradapter:cursoradapter:1.0.0) with AarResourcesCompilerTransform
Transforming interpolator-1.0.0.aar (androidx.interpolator:interpolator:1.0.0) with ExtractAarTransform
Transforming interpolator-1.0.0.aar (androidx.interpolator:interpolator:1.0.0) with AarResourcesCompilerTransform
Transforming interpolator-1.0.0.aar (androidx.interpolator:interpolator:1.0.0) with ExtractAarTransform
Transforming interpolator-1.0.0.aar (androidx.interpolator:interpolator:1.0.0) with AarResourcesCompilerTransform
Transforming profileinstaller-1.4.0.aar (androidx.profileinstaller:profileinstaller:1.4.0) with ExtractAarTransform
Transforming profileinstaller-1.4.0.aar (androidx.profileinstaller:profileinstaller:1.4.0) with AarResourcesCompilerTransform
Transforming startup-runtime-1.1.1.aar (androidx.startup:startup-runtime:1.1.1) with ExtractAarTransform
Transforming startup-runtime-1.1.1.aar (androidx.startup:startup-runtime:1.1.1) with AarResourcesCompilerTransform
Transforming tracing-1.2.0.aar (androidx.tracing:tracing:1.2.0) with ExtractAarTransform
Transforming tracing-1.2.0.aar (androidx.tracing:tracing:1.2.0) with AarResourcesCompilerTransform
Transforming versionedparcelable-1.1.1.aar (androidx.versionedparcelable:versionedparcelable:1.1.1) with ExtractAarTransform
Transforming versionedparcelable-1.1.1.aar (androidx.versionedparcelable:versionedparcelable:1.1.1) with AarResourcesCompilerTransform
Transforming core-runtime-2.2.0.aar (androidx.arch.core:core-runtime:2.2.0) with ExtractAarTransform
Transforming core-runtime-2.2.0.aar (androidx.arch.core:core-runtime:2.2.0) with AarResourcesCompilerTransform
Transforming annotation-experimental-1.4.1.aar (androidx.annotation:annotation-experimental:1.4.1) with ExtractAarTransform
Transforming annotation-experimental-1.4.1.aar (androidx.annotation:annotation-experimental:1.4.1) with AarResourcesCompilerTransform
Transforming appcompat-resources-1.7.0.aar (androidx.appcompat:appcompat-resources:1.7.0) with ExtractAarTransform
Transforming appcompat-resources-1.7.0.aar (androidx.appcompat:appcompat-resources:1.7.0) with LibrarySymbolTableTransform
Transforming appcompat-1.7.0.aar (androidx.appcompat:appcompat:1.7.0) with ExtractAarTransform
Transforming appcompat-1.7.0.aar (androidx.appcompat:appcompat:1.7.0) with LibrarySymbolTableTransform
Transforming drawerlayout-1.0.0.aar (androidx.drawerlayout:drawerlayout:1.0.0) with ExtractAarTransform
Transforming drawerlayout-1.0.0.aar (androidx.drawerlayout:drawerlayout:1.0.0) with LibrarySymbolTableTransform
Transforming emoji2-views-helper-1.3.0.aar (androidx.emoji2:emoji2-views-helper:1.3.0) with ExtractAarTransform
Transforming emoji2-views-helper-1.3.0.aar (androidx.emoji2:emoji2-views-helper:1.3.0) with LibrarySymbolTableTransform
Transforming emoji2-1.3.0.aar (androidx.emoji2:emoji2:1.3.0) with ExtractAarTransform
Transforming emoji2-1.3.0.aar (androidx.emoji2:emoji2:1.3.0) with LibrarySymbolTableTransform
Transforming vectordrawable-animated-1.1.0.aar (androidx.vectordrawable:vectordrawable-animated:1.1.0) with ExtractAarTransform
Transforming vectordrawable-animated-1.1.0.aar (androidx.vectordrawable:vectordrawable-animated:1.1.0) with LibrarySymbolTableTransform
Transforming vectordrawable-1.1.0.aar (androidx.vectordrawable:vectordrawable:1.1.0) with ExtractAarTransform
Transforming vectordrawable-1.1.0.aar (androidx.vectordrawable:vectordrawable:1.1.0) with LibrarySymbolTableTransform
Transforming vectordrawable-1.1.0.aar (androidx.vectordrawable:vectordrawable:1.1.0) with ExtractAarTransform
Transforming vectordrawable-1.1.0.aar (androidx.vectordrawable:vectordrawable:1.1.0) with LibrarySymbolTableTransform
Transforming fragment-1.5.4.aar (androidx.fragment:fragment:1.5.4) with ExtractAarTransform
Transforming fragment-1.5.4.aar (androidx.fragment:fragment:1.5.4) with LibrarySymbolTableTransform
Transforming viewpager-1.0.0.aar (androidx.viewpager:viewpager:1.0.0) with ExtractAarTransform
Transforming viewpager-1.0.0.aar (androidx.viewpager:viewpager:1.0.0) with LibrarySymbolTableTransform
Transforming customview-1.0.0.aar (androidx.customview:customview:1.0.0) with ExtractAarTransform
Transforming customview-1.0.0.aar (androidx.customview:customview:1.0.0) with LibrarySymbolTableTransform
Transforming loader-1.0.0.aar (androidx.loader:loader:1.0.0) with ExtractAarTransform
Transforming loader-1.0.0.aar (androidx.loader:loader:1.0.0) with LibrarySymbolTableTransform
Transforming core-1.15.0.aar (androidx.core:core:1.15.0) with ExtractAarTransform
Transforming core-1.15.0.aar (androidx.core:core:1.15.0) with LibrarySymbolTableTransform
Transforming core-1.15.0.aar (androidx.core:core:1.15.0) with ExtractAarTransform
Transforming core-1.15.0.aar (androidx.core:core:1.15.0) with LibrarySymbolTableTransform
Transforming activity-ktx-1.10.0.aar (androidx.activity:activity-ktx:1.10.0) with ExtractAarTransform
Transforming activity-ktx-1.10.0.aar (androidx.activity:activity-ktx:1.10.0) with LibrarySymbolTableTransform
Transforming activity-1.10.0.aar (androidx.activity:activity:1.10.0) with ExtractAarTransform
Transforming activity-1.10.0.aar (androidx.activity:activity:1.10.0) with LibrarySymbolTableTransform
Transforming savedstate-ktx-1.2.1.aar (androidx.savedstate:savedstate-ktx:1.2.1) with ExtractAarTransform
Transforming savedstate-ktx-1.2.1.aar (androidx.savedstate:savedstate-ktx:1.2.1) with LibrarySymbolTableTransform
Transforming savedstate-1.2.1.aar (androidx.savedstate:savedstate:1.2.1) with ExtractAarTransform
Transforming savedstate-1.2.1.aar (androidx.savedstate:savedstate:1.2.1) with LibrarySymbolTableTransform
Transforming lifecycle-livedata-2.6.2.aar (androidx.lifecycle:lifecycle-livedata:2.6.2) with ExtractAarTransform
Transforming lifecycle-livedata-2.6.2.aar (androidx.lifecycle:lifecycle-livedata:2.6.2) with LibrarySymbolTableTransform
Transforming lifecycle-viewmodel-ktx-2.6.2.aar (androidx.lifecycle:lifecycle-viewmodel-ktx:2.6.2) with ExtractAarTransform
Transforming lifecycle-viewmodel-ktx-2.6.2.aar (androidx.lifecycle:lifecycle-viewmodel-ktx:2.6.2) with LibrarySymbolTableTransform
Transforming lifecycle-viewmodel-2.6.2.aar (androidx.lifecycle:lifecycle-viewmodel:2.6.2) with ExtractAarTransform
Transforming lifecycle-viewmodel-2.6.2.aar (androidx.lifecycle:lifecycle-viewmodel:2.6.2) with LibrarySymbolTableTransform
Transforming lifecycle-viewmodel-2.6.2.aar (androidx.lifecycle:lifecycle-viewmodel:2.6.2) with ExtractAarTransform
Transforming lifecycle-viewmodel-2.6.2.aar (androidx.lifecycle:lifecycle-viewmodel:2.6.2) with LibrarySymbolTableTransform
Transforming lifecycle-runtime-ktx-2.6.2.aar (androidx.lifecycle:lifecycle-runtime-ktx:2.6.2) with ExtractAarTransform
Transforming lifecycle-runtime-ktx-2.6.2.aar (androidx.lifecycle:lifecycle-runtime-ktx:2.6.2) with LibrarySymbolTableTransform
Transforming lifecycle-process-2.6.2.aar (androidx.lifecycle:lifecycle-process:2.6.2) with ExtractAarTransform
Transforming lifecycle-process-2.6.2.aar (androidx.lifecycle:lifecycle-process:2.6.2) with LibrarySymbolTableTransform
Transforming lifecycle-livedata-core-2.6.2.aar (androidx.lifecycle:lifecycle-livedata-core:2.6.2) with ExtractAarTransform
Transforming lifecycle-livedata-core-2.6.2.aar (androidx.lifecycle:lifecycle-livedata-core:2.6.2) with LibrarySymbolTableTransform
Transforming lifecycle-runtime-2.6.2.aar (androidx.lifecycle:lifecycle-runtime:2.6.2) with ExtractAarTransform
Transforming lifecycle-runtime-2.6.2.aar (androidx.lifecycle:lifecycle-runtime:2.6.2) with LibrarySymbolTableTransform
Transforming lifecycle-viewmodel-savedstate-2.6.2.aar (androidx.lifecycle:lifecycle-viewmodel-savedstate:2.6.2) with ExtractAarTransform
Transforming lifecycle-viewmodel-savedstate-2.6.2.aar (androidx.lifecycle:lifecycle-viewmodel-savedstate:2.6.2) with LibrarySymbolTableTransform
Transforming core-ktx-1.15.0.aar (androidx.core:core-ktx:1.15.0) with ExtractAarTransform
Transforming core-ktx-1.15.0.aar (androidx.core:core-ktx:1.15.0) with LibrarySymbolTableTransform
Transforming cursoradapter-1.0.0.aar (androidx.cursoradapter:cursoradapter:1.0.0) with ExtractAarTransform
Transforming cursoradapter-1.0.0.aar (androidx.cursoradapter:cursoradapter:1.0.0) with LibrarySymbolTableTransform
Transforming interpolator-1.0.0.aar (androidx.interpolator:interpolator:1.0.0) with ExtractAarTransform
Transforming interpolator-1.0.0.aar (androidx.interpolator:interpolator:1.0.0) with LibrarySymbolTableTransform
Transforming interpolator-1.0.0.aar (androidx.interpolator:interpolator:1.0.0) with ExtractAarTransform
Transforming interpolator-1.0.0.aar (androidx.interpolator:interpolator:1.0.0) with LibrarySymbolTableTransform
Transforming profileinstaller-1.4.0.aar (androidx.profileinstaller:profileinstaller:1.4.0) with ExtractAarTransform
Transforming profileinstaller-1.4.0.aar (androidx.profileinstaller:profileinstaller:1.4.0) with LibrarySymbolTableTransform
Transforming startup-runtime-1.1.1.aar (androidx.startup:startup-runtime:1.1.1) with ExtractAarTransform
Transforming startup-runtime-1.1.1.aar (androidx.startup:startup-runtime:1.1.1) with LibrarySymbolTableTransform
Transforming tracing-1.2.0.aar (androidx.tracing:tracing:1.2.0) with ExtractAarTransform
Transforming tracing-1.2.0.aar (androidx.tracing:tracing:1.2.0) with LibrarySymbolTableTransform
Transforming versionedparcelable-1.1.1.aar (androidx.versionedparcelable:versionedparcelable:1.1.1) with ExtractAarTransform
Transforming versionedparcelable-1.1.1.aar (androidx.versionedparcelable:versionedparcelable:1.1.1) with LibrarySymbolTableTransform
Transforming core-runtime-2.2.0.aar (androidx.arch.core:core-runtime:2.2.0) with ExtractAarTransform
Transforming core-runtime-2.2.0.aar (androidx.arch.core:core-runtime:2.2.0) with LibrarySymbolTableTransform
Transforming annotation-experimental-1.4.1.aar (androidx.annotation:annotation-experimental:1.4.1) with ExtractAarTransform
Transforming annotation-experimental-1.4.1.aar (androidx.annotation:annotation-experimental:1.4.1) with LibrarySymbolTableTransform
Caching disabled for task ':app:processDebugResources' because:
  Build cache is disabled
Skipping task ':app:processDebugResources' as it is up-to-date.
Resolve mutations for :app:compileDebugKotlin (Thread[Execution worker,5,main]) started.
:app:compileDebugKotlin (Thread[Execution worker,5,main]) started.

> Task :app:compileDebugKotlin
Transforming activity-ktx-1.10.0.aar (androidx.activity:activity-ktx:1.10.0) with AarToClassTransform
Transforming appcompat-resources-1.7.0.aar (androidx.appcompat:appcompat-resources:1.7.0) with AarToClassTransform
Transforming appcompat-1.7.0.aar (androidx.appcompat:appcompat:1.7.0) with AarToClassTransform
Transforming fragment-1.5.4.aar (androidx.fragment:fragment:1.5.4) with AarToClassTransform
Transforming activity-1.10.0.aar (androidx.activity:activity:1.10.0) with AarToClassTransform
Transforming drawerlayout-1.0.0.aar (androidx.drawerlayout:drawerlayout:1.0.0) with AarToClassTransform
Transforming vectordrawable-animated-1.1.0.aar (androidx.vectordrawable:vectordrawable-animated:1.1.0) with AarToClassTransform
Transforming vectordrawable-1.1.0.aar (androidx.vectordrawable:vectordrawable:1.1.0) with AarToClassTransform
Transforming vectordrawable-1.1.0.aar (androidx.vectordrawable:vectordrawable:1.1.0) with AarToClassTransform
Transforming viewpager-1.0.0.aar (androidx.viewpager:viewpager:1.0.0) with AarToClassTransform
Transforming customview-1.0.0.aar (androidx.customview:customview:1.0.0) with AarToClassTransform
Transforming customview-1.0.0.aar (androidx.customview:customview:1.0.0) with AarToClassTransform
Transforming loader-1.0.0.aar (androidx.loader:loader:1.0.0) with AarToClassTransform
Transforming core-1.15.0.aar (androidx.core:core:1.15.0) with AarToClassTransform
Transforming core-1.15.0.aar (androidx.core:core:1.15.0) with AarToClassTransform
Transforming core-1.15.0.aar (androidx.core:core:1.15.0) with AarToClassTransform
Transforming core-1.15.0.aar (androidx.core:core:1.15.0) with AarToClassTransform
Transforming core-1.15.0.aar (androidx.core:core:1.15.0) with AarToClassTransform
Transforming core-1.15.0.aar (androidx.core:core:1.15.0) with AarToClassTransform
Transforming lifecycle-livedata-2.6.2.aar (androidx.lifecycle:lifecycle-livedata:2.6.2) with AarToClassTransform
Transforming lifecycle-livedata-core-2.6.2.aar (androidx.lifecycle:lifecycle-livedata-core:2.6.2) with AarToClassTransform
Transforming lifecycle-viewmodel-2.6.2.aar (androidx.lifecycle:lifecycle-viewmodel:2.6.2) with AarToClassTransform
Transforming lifecycle-viewmodel-2.6.2.aar (androidx.lifecycle:lifecycle-viewmodel:2.6.2) with AarToClassTransform
Transforming lifecycle-runtime-2.6.2.aar (androidx.lifecycle:lifecycle-runtime:2.6.2) with AarToClassTransform
Transforming lifecycle-viewmodel-ktx-2.6.2.aar (androidx.lifecycle:lifecycle-viewmodel-ktx:2.6.2) with AarToClassTransform
Transforming lifecycle-runtime-ktx-2.6.2.aar (androidx.lifecycle:lifecycle-runtime-ktx:2.6.2) with AarToClassTransform
Transforming lifecycle-viewmodel-savedstate-2.6.2.aar (androidx.lifecycle:lifecycle-viewmodel-savedstate:2.6.2) with AarToClassTransform
Transforming core-ktx-1.15.0.aar (androidx.core:core-ktx:1.15.0) with AarToClassTransform
Transforming savedstate-1.2.1.aar (androidx.savedstate:savedstate:1.2.1) with AarToClassTransform
Transforming savedstate-ktx-1.2.1.aar (androidx.savedstate:savedstate-ktx:1.2.1) with AarToClassTransform
Transforming cursoradapter-1.0.0.aar (androidx.cursoradapter:cursoradapter:1.0.0) with AarToClassTransform
Transforming versionedparcelable-1.1.1.aar (androidx.versionedparcelable:versionedparcelable:1.1.1) with AarToClassTransform
Transforming core-runtime-2.2.0.aar (androidx.arch.core:core-runtime:2.2.0) with AarToClassTransform
Transforming interpolator-1.0.0.aar (androidx.interpolator:interpolator:1.0.0) with AarToClassTransform
Transforming annotation-experimental-1.4.1.aar (androidx.annotation:annotation-experimental:1.4.1) with AarToClassTransform
Transforming lifecycle-common-2.6.2.jar (androidx.lifecycle:lifecycle-common:2.6.2) with IdentityTransform
Transforming core-common-2.2.0.jar (androidx.arch.core:core-common:2.2.0) with IdentityTransform
Transforming collection-jvm-1.4.2.jar (androidx.collection:collection-jvm:1.4.2) with IdentityTransform
Transforming annotation-jvm-1.8.1.jar (androidx.annotation:annotation-jvm:1.8.1) with IdentityTransform
Transforming kotlinx-coroutines-core-jvm-1.7.3.jar (org.jetbrains.kotlinx:kotlinx-coroutines-core-jvm:1.7.3) with IdentityTransform
Transforming kotlinx-coroutines-android-1.7.3.jar (org.jetbrains.kotlinx:kotlinx-coroutines-android:1.7.3) with IdentityTransform
Transforming kotlin-stdlib-jdk8-1.8.20.jar (org.jetbrains.kotlin:kotlin-stdlib-jdk8:1.8.20) with IdentityTransform
Transforming kotlin-stdlib-jdk7-1.8.20.jar (org.jetbrains.kotlin:kotlin-stdlib-jdk7:1.8.20) with IdentityTransform
Transforming kotlin-stdlib-2.0.21.jar (org.jetbrains.kotlin:kotlin-stdlib:2.0.21) with IdentityTransform
Transforming annotations-23.0.0.jar (org.jetbrains:annotations:23.0.0) with IdentityTransform
Transforming R.jar with BuildToolsApiClasspathEntrySnapshotTransform
Transforming activity-ktx-1.10.0-api.jar with BuildToolsApiClasspathEntrySnapshotTransform
Transforming appcompat-resources-1.7.0-api.jar with BuildToolsApiClasspathEntrySnapshotTransform
Transforming appcompat-1.7.0-api.jar with BuildToolsApiClasspathEntrySnapshotTransform
Transforming fragment-1.5.4-api.jar with BuildToolsApiClasspathEntrySnapshotTransform
Transforming activity-1.10.0-api.jar with BuildToolsApiClasspathEntrySnapshotTransform
Transforming drawerlayout-1.0.0-api.jar with BuildToolsApiClasspathEntrySnapshotTransform
Transforming vectordrawable-animated-1.1.0-api.jar with BuildToolsApiClasspathEntrySnapshotTransform
Transforming vectordrawable-1.1.0-api.jar with BuildToolsApiClasspathEntrySnapshotTransform
Transforming viewpager-1.0.0-api.jar with BuildToolsApiClasspathEntrySnapshotTransform
Transforming customview-1.0.0-api.jar with BuildToolsApiClasspathEntrySnapshotTransform
Transforming loader-1.0.0-api.jar with BuildToolsApiClasspathEntrySnapshotTransform
Transforming core-1.15.0-api.jar with BuildToolsApiClasspathEntrySnapshotTransform
Transforming lifecycle-livedata-2.6.2-api.jar with BuildToolsApiClasspathEntrySnapshotTransform
Transforming lifecycle-livedata-core-2.6.2-api.jar with BuildToolsApiClasspathEntrySnapshotTransform
Transforming lifecycle-viewmodel-2.6.2-api.jar with BuildToolsApiClasspathEntrySnapshotTransform
Transforming lifecycle-common-2.6.2.jar with BuildToolsApiClasspathEntrySnapshotTransform
Transforming lifecycle-runtime-2.6.2-api.jar with BuildToolsApiClasspathEntrySnapshotTransform
Transforming lifecycle-viewmodel-ktx-2.6.2-api.jar with BuildToolsApiClasspathEntrySnapshotTransform
Transforming lifecycle-runtime-ktx-2.6.2-api.jar with BuildToolsApiClasspathEntrySnapshotTransform
Transforming lifecycle-viewmodel-savedstate-2.6.2-api.jar with BuildToolsApiClasspathEntrySnapshotTransform
Transforming core-ktx-1.15.0-api.jar with BuildToolsApiClasspathEntrySnapshotTransform
Transforming savedstate-1.2.1-api.jar with BuildToolsApiClasspathEntrySnapshotTransform
Transforming savedstate-ktx-1.2.1-api.jar with BuildToolsApiClasspathEntrySnapshotTransform
Transforming cursoradapter-1.0.0-api.jar with BuildToolsApiClasspathEntrySnapshotTransform
Transforming versionedparcelable-1.1.1-api.jar with BuildToolsApiClasspathEntrySnapshotTransform
Transforming core-runtime-2.2.0-api.jar with BuildToolsApiClasspathEntrySnapshotTransform
Transforming core-common-2.2.0.jar with BuildToolsApiClasspathEntrySnapshotTransform
Transforming interpolator-1.0.0-api.jar with BuildToolsApiClasspathEntrySnapshotTransform
Transforming collection-jvm-1.4.2.jar with BuildToolsApiClasspathEntrySnapshotTransform
Transforming annotation-jvm-1.8.1.jar with BuildToolsApiClasspathEntrySnapshotTransform
Transforming annotation-experimental-1.4.1-api.jar with BuildToolsApiClasspathEntrySnapshotTransform
Transforming kotlinx-coroutines-core-jvm-1.7.3.jar with BuildToolsApiClasspathEntrySnapshotTransform
Transforming kotlinx-coroutines-android-1.7.3.jar with BuildToolsApiClasspathEntrySnapshotTransform
Transforming kotlin-stdlib-jdk8-1.8.20.jar with BuildToolsApiClasspathEntrySnapshotTransform
Transforming kotlin-stdlib-jdk7-1.8.20.jar with BuildToolsApiClasspathEntrySnapshotTransform
Transforming kotlin-stdlib-2.0.21.jar with BuildToolsApiClasspathEntrySnapshotTransform
Transforming annotations-23.0.0.jar with BuildToolsApiClasspathEntrySnapshotTransform
Transforming android.jar with BuildToolsApiClasspathEntrySnapshotTransform
Transforming core-lambda-stubs.jar with BuildToolsApiClasspathEntrySnapshotTransform
Caching disabled for task ':app:compileDebugKotlin' because:
  Build cache is disabled
Task ':app:compileDebugKotlin' is not up-to-date because:
  No history is available.
The input changes require a full rebuild for incremental task ':app:compileDebugKotlin'.
file or directory '/home/runner/work/uma-mobile-decision-pipeline/uma-mobile-decision-pipeline/app/src/debug/kotlin', not found
file or directory '/home/runner/work/uma-mobile-decision-pipeline/uma-mobile-decision-pipeline/app/src/debug/java', not found
file or directory '/home/runner/work/uma-mobile-decision-pipeline/uma-mobile-decision-pipeline/app/src/debug/kotlin', not found
file or directory '/home/runner/work/uma-mobile-decision-pipeline/uma-mobile-decision-pipeline/app/src/debug/kotlin', not found
file or directory '/home/runner/work/uma-mobile-decision-pipeline/uma-mobile-decision-pipeline/app/src/debug/java', not found
file or directory '/home/runner/work/uma-mobile-decision-pipeline/uma-mobile-decision-pipeline/app/src/main/kotlin', not found
file or directory '/home/runner/work/uma-mobile-decision-pipeline/uma-mobile-decision-pipeline/app/src/main/kotlin', not found
file or directory '/home/runner/work/uma-mobile-decision-pipeline/uma-mobile-decision-pipeline/app/src/main/kotlin', not found
file or directory '/home/runner/work/uma-mobile-decision-pipeline/uma-mobile-decision-pipeline/app/src/debug/java', not found
file or directory '/home/runner/work/uma-mobile-decision-pipeline/uma-mobile-decision-pipeline/app/src/debug/kotlin', not found
file or directory '/home/runner/work/uma-mobile-decision-pipeline/uma-mobile-decision-pipeline/app/src/debug/java', not found
file or directory '/home/runner/work/uma-mobile-decision-pipeline/uma-mobile-decision-pipeline/app/src/debug/kotlin', not found
file or directory '/home/runner/work/uma-mobile-decision-pipeline/uma-mobile-decision-pipeline/app/src/debug/kotlin', not found
file or directory '/home/runner/work/uma-mobile-decision-pipeline/uma-mobile-decision-pipeline/app/src/debug/java', not found
file or directory '/home/runner/work/uma-mobile-decision-pipeline/uma-mobile-decision-pipeline/app/src/main/kotlin', not found
file or directory '/home/runner/work/uma-mobile-decision-pipeline/uma-mobile-decision-pipeline/app/src/debug/kotlin', not found
file or directory '/home/runner/work/uma-mobile-decision-pipeline/uma-mobile-decision-pipeline/app/src/debug/java', not found
file or directory '/home/runner/work/uma-mobile-decision-pipeline/uma-mobile-decision-pipeline/app/src/debug/kotlin', not found
file or directory '/home/runner/work/uma-mobile-decision-pipeline/uma-mobile-decision-pipeline/app/src/debug/kotlin', not found
file or directory '/home/runner/work/uma-mobile-decision-pipeline/uma-mobile-decision-pipeline/app/src/debug/java', not found
file or directory '/home/runner/work/uma-mobile-decision-pipeline/uma-mobile-decision-pipeline/app/src/main/kotlin', not found
file or directory '/home/runner/work/uma-mobile-decision-pipeline/uma-mobile-decision-pipeline/app/src/main/kotlin', not found
file or directory '/home/runner/work/uma-mobile-decision-pipeline/uma-mobile-decision-pipeline/app/src/main/kotlin', not found
file or directory '/home/runner/work/uma-mobile-decision-pipeline/uma-mobile-decision-pipeline/app/src/debug/java', not found
file or directory '/home/runner/work/uma-mobile-decision-pipeline/uma-mobile-decision-pipeline/app/src/debug/kotlin', not found
file or directory '/home/runner/work/uma-mobile-decision-pipeline/uma-mobile-decision-pipeline/app/src/debug/java', not found
file or directory '/home/runner/work/uma-mobile-decision-pipeline/uma-mobile-decision-pipeline/app/src/debug/kotlin', not found
file or directory '/home/runner/work/uma-mobile-decision-pipeline/uma-mobile-decision-pipeline/app/src/debug/kotlin', not found
file or directory '/home/runner/work/uma-mobile-decision-pipeline/uma-mobile-decision-pipeline/app/src/debug/java', not found
file or directory '/home/runner/work/uma-mobile-decision-pipeline/uma-mobile-decision-pipeline/app/src/main/kotlin', not found
file or directory '/home/runner/work/uma-mobile-decision-pipeline/uma-mobile-decision-pipeline/app/src/main/kotlin', not found
file or directory '/home/runner/work/uma-mobile-decision-pipeline/uma-mobile-decision-pipeline/app/src/main/kotlin', not found
file or directory '/home/runner/work/uma-mobile-decision-pipeline/uma-mobile-decision-pipeline/app/src/debug/java', not found
file or directory '/home/runner/work/uma-mobile-decision-pipeline/uma-mobile-decision-pipeline/app/src/debug/kotlin', not found
file or directory '/home/runner/work/uma-mobile-decision-pipeline/uma-mobile-decision-pipeline/app/src/debug/java', not found
file or directory '/home/runner/work/uma-mobile-decision-pipeline/uma-mobile-decision-pipeline/app/src/debug/kotlin', not found
file or directory '/home/runner/work/uma-mobile-decision-pipeline/uma-mobile-decision-pipeline/app/src/debug/kotlin', not found
file or directory '/home/runner/work/uma-mobile-decision-pipeline/uma-mobile-decision-pipeline/app/src/debug/java', not found
file or directory '/home/runner/work/uma-mobile-decision-pipeline/uma-mobile-decision-pipeline/app/src/main/kotlin', not found
file or directory '/home/runner/work/uma-mobile-decision-pipeline/uma-mobile-decision-pipeline/app/src/main/kotlin', not found
file or directory '/home/runner/work/uma-mobile-decision-pipeline/uma-mobile-decision-pipeline/app/src/main/kotlin', not found
file or directory '/home/runner/work/uma-mobile-decision-pipeline/uma-mobile-decision-pipeline/app/src/debug/java', not found
Kotlin source files: /home/runner/work/uma-mobile-decision-pipeline/uma-mobile-decision-pipeline/app/src/main/java/com/xf8410/umamobile/RemoteVerificationActivity.kt, /home/runner/work/uma-mobile-decision-pipeline/uma-mobile-decision-pipeline/app/src/main/java/com/xf8410/umamobile/RemoteIndexVerifier.kt, /home/runner/work/uma-mobile-decision-pipeline/uma-mobile-decision-pipeline/app/src/main/java/com/xf8410/umamobile/CollectorHomeActivity.kt, /home/runner/work/uma-mobile-decision-pipeline/uma-mobile-decision-pipeline/app/src/main/java/com/xf8410/umamobile/LocalSnapshotVerificationActivity.kt, /home/runner/work/uma-mobile-decision-pipeline/uma-mobile-decision-pipeline/app/src/main/java/com/xf8410/umamobile/CompleteSessionExportActivity.kt, /home/runner/work/uma-mobile-decision-pipeline/uma-mobile-decision-pipeline/app/src/main/java/com/xf8410/umamobile/RawPackageDecodeActivity.kt, /home/runner/work/uma-mobile-decision-pipeline/uma-mobile-decision-pipeline/app/src/main/java/com/xf8410/umamobile/SelectedSessionSyncActivity.kt, /home/runner/work/uma-mobile-decision-pipeline/uma-mobile-decision-pipeline/app/src/main/java/com/xf8410/umamobile/SessionSelectionActivity.kt, /home/runner/work/uma-mobile-decision-pipeline/uma-mobile-decision-pipeline/app/src/main/java/com/xf8410/umamobile/CollectorApplication.kt, /home/runner/work/uma-mobile-decision-pipeline/uma-mobile-decision-pipeline/app/src/main/java/com/xf8410/umamobile/SystemBars.kt, /home/runner/work/uma-mobile-decision-pipeline/uma-mobile-decision-pipeline/app/src/main/java/com/xf8410/umamobile/RawFormatIdentificationActivity.kt, /home/runner/work/uma-mobile-decision-pipeline/uma-mobile-decision-pipeline/app/src/main/java/com/xf8410/umamobile/SessionIntegrityVerifier.kt, /home/runner/work/uma-mobile-decision-pipeline/uma-mobile-decision-pipeline/app/src/main/java/com/xf8410/umamobile/VerifySessionActivity.kt, /home/runner/work/uma-mobile-decision-pipeline/uma-mobile-decision-pipeline/app/src/main/java/com/xf8410/umamobile/MainActivity.kt, /home/runner/work/uma-mobile-decision-pipeline/uma-mobile-decision-pipeline/app/src/main/java/com/xf8410/umamobile/LocalSessionVerification.kt, /home/runner/work/uma-mobile-decision-pipeline/uma-mobile-decision-pipeline/app/src/main/java/com/xf8410/umamobile/DecodedResultsActivity.kt
Java source files: 
Script source files: 
Script file extensions: 
Using Kotlin/JVM incremental compilation
[KOTLIN] Kotlin compilation 'jdkHome' argument: null
i: starting the daemon as: /usr/lib/jvm/temurin-17-jdk-amd64/bin/java -cp /home/runner/.gradle/caches/modules-2/files-2.1/org.jetbrains.kotlin/kotlin-compiler-embeddable/2.0.21/79346ed53db48b18312a472602eb5c057070c54d/kotlin-compiler-embeddable-2.0.21.jar:/home/runner/.gradle/caches/modules-2/files-2.1/org.jetbrains.kotlin/kotlin-stdlib/2.0.21/618b539767b4899b4660a83006e052b63f1db551/kotlin-stdlib-2.0.21.jar:/home/runner/.gradle/caches/modules-2/files-2.1/org.jetbrains.kotlin/kotlin-script-runtime/2.0.21/c9b044380ad41f89aa89aa896c2d32a8c0b2129d/kotlin-script-runtime-2.0.21.jar:/home/runner/.gradle/caches/modules-2/files-2.1/org.jetbrains.kotlin/kotlin-reflect/1.6.10/1cbe9c92c12a94eea200d23c2bbaedaf3daf5132/kotlin-reflect-1.6.10.jar:/home/runner/.gradle/caches/modules-2/files-2.1/org.jetbrains.kotlin/kotlin-daemon-embeddable/2.0.21/c9e933b23287de9b5a17e2116b4657bb91aea72c/kotlin-daemon-embeddable-2.0.21.jar:/home/runner/.gradle/caches/modules-2/files-2.1/org.jetbrains.intellij.deps/trove4j/1.0.20200330/3afb14d5f9ceb459d724e907a21145e8ff394f02/trove4j-1.0.20200330.jar:/home/runner/.gradle/caches/modules-2/files-2.1/org.jetbrains.kotlinx/kotlinx-coroutines-core-jvm/1.6.4/2c997cd1c0ef33f3e751d3831929aeff1390cb30/kotlinx-coroutines-core-jvm-1.6.4.jar:/home/runner/.gradle/caches/modules-2/files-2.1/org.jetbrains/annotations/13.0/919f0dfe192fb4e063e7dacadee7f8bb9a2672a9/annotations-13.0.jar -Djava.awt.headless=true -Djava.rmi.server.hostname=127.0.0.1 -Xmx2048m -XX:ReservedCodeCacheSize=320m -Dkotlin.environment.keepalive -ea -XX:+UseCodeCacheFlushing -XX:+UseParallelGC --add-exports java.base/sun.nio.ch=ALL-UNNAMED org.jetbrains.kotlin.daemon.KotlinCompileDaemon --daemon-runFilesPath /home/runner/.kotlin/daemon --daemon-autoshutdownIdleSeconds=7200 --daemon-compilerClasspath /home/runner/.gradle/caches/modules-2/files-2.1/org.jetbrains.kotlin/kotlin-compiler-embeddable/2.0.21/79346ed53db48b18312a472602eb5c057070c54d/kotlin-compiler-embeddable-2.0.21.jar:/home/runner/.gradle/caches/modules-2/files-2.1/org.jetbrains.kotlin/kotlin-stdlib/2.0.21/618b539767b4899b4660a83006e052b63f1db551/kotlin-stdlib-2.0.21.jar:/home/runner/.gradle/caches/modules-2/files-2.1/org.jetbrains.kotlin/kotlin-script-runtime/2.0.21/c9b044380ad41f89aa89aa896c2d32a8c0b2129d/kotlin-script-runtime-2.0.21.jar:/home/runner/.gradle/caches/modules-2/files-2.1/org.jetbrains.kotlin/kotlin-reflect/1.6.10/1cbe9c92c12a94eea200d23c2bbaedaf3daf5132/kotlin-reflect-1.6.10.jar:/home/runner/.gradle/caches/modules-2/files-2.1/org.jetbrains.kotlin/kotlin-daemon-embeddable/2.0.21/c9e933b23287de9b5a17e2116b4657bb91aea72c/kotlin-daemon-embeddable-2.0.21.jar:/home/runner/.gradle/caches/modules-2/files-2.1/org.jetbrains.intellij.deps/trove4j/1.0.20200330/3afb14d5f9ceb459d724e907a21145e8ff394f02/trove4j-1.0.20200330.jar:/home/runner/.gradle/caches/modules-2/files-2.1/org.jetbrains.kotlinx/kotlinx-coroutines-core-jvm/1.6.4/2c997cd1c0ef33f3e751d3831929aeff1390cb30/kotlinx-coroutines-core-jvm-1.6.4.jar:/home/runner/.gradle/caches/modules-2/files-2.1/org.jetbrains/annotations/13.0/919f0dfe192fb4e063e7dacadee7f8bb9a2672a9/annotations-13.0.jar
i: #1 retrying connecting to the daemon 
Options for KOTLIN DAEMON: IncrementalCompilationOptions(super=CompilationOptions(compilerMode=INCREMENTAL_COMPILER, targetPlatform=JVM, reportCategories=[0, 3], reportSeverity=2, requestedCompilationResults=[0], kotlinScriptExtensions=[]), areFileChangesKnown=false, modifiedFiles=null, deletedFiles=null, classpathChanges=NotAvailableForNonIncrementalRun, workingDir=/home/runner/work/uma-mobile-decision-pipeline/uma-mobile-decision-pipeline/app/build/kotlin/compileDebugKotlin/cacheable, multiModuleICSettings=MultiModuleICSettings(buildHistoryFile=/home/runner/work/uma-mobile-decision-pipeline/uma-mobile-decision-pipeline/app/build/kotlin/compileDebugKotlin/local-state/build-history.bin, useModuleDetection=true), usePreciseJavaTracking=true, icFeatures=IncrementalCompilationFeatures(withAbiSnapshot=false, preciseCompilationResultsBackup=true, keepIncrementalCompilationCachesInMemory=true, enableUnsafeIncrementalCompilationForMultiplatform=false), outputFiles=[/home/runner/work/uma-mobile-decision-pipeline/uma-mobile-decision-pipeline/app/build/tmp/kotlin-classes/debug, /home/runner/work/uma-mobile-decision-pipeline/uma-mobile-decision-pipeline/app/build/kotlin/compileDebugKotlin/cacheable, /home/runner/work/uma-mobile-decision-pipeline/uma-mobile-decision-pipeline/app/build/kotlin/compileDebugKotlin/local-state])
e: file:///home/runner/work/uma-mobile-decision-pipeline/uma-mobile-decision-pipeline/app/src/main/java/com/xf8410/umamobile/DecodedResultsActivity.kt:121:66 Argument type mismatch: actual type is 'kotlin.String', but 'kotlin.ByteArray' was expected.
e: file:///home/runner/work/uma-mobile-decision-pipeline/uma-mobile-decision-pipeline/app/src/main/java/com/xf8410/umamobile/DecodedResultsActivity.kt:122:68 Argument type mismatch: actual type is 'kotlin.String', but 'kotlin.ByteArray' was expected.
Finished executing kotlin compiler using DAEMON strategy

> Task :app:compileDebugKotlin FAILED
gradle/actions: Writing build results to /home/runner/work/_temp/.gradle-actions/build-results/kotlin_compile-1786577922526.json

FAILURE: Build failed with an exception.

* What went wrong:
Execution failed for task ':app:compileDebugKotlin'.
> A failure occurred while executing org.jetbrains.kotlin.compilerRunner.GradleCompilerRunnerWithWorkers$GradleKotlinCompilerWorkAction
   > Compilation error. See log for more details

* Try:
> Run with --debug option to get more log output.
> Run with --scan to get full insights.
> Get more help at https://help.gradle.org.

* Exception is:
org.gradle.api.tasks.TaskExecutionException: Execution failed for task ':app:compileDebugKotlin'.
	at org.gradle.api.internal.tasks.execution.ExecuteActionsTaskExecuter.lambda$executeIfValid$1(ExecuteActionsTaskExecuter.java:130)
	at org.gradle.internal.Try$Failure.ifSuccessfulOrElse(Try.java:282)
	at org.gradle.api.internal.tasks.execution.ExecuteActionsTaskExecuter.executeIfValid(ExecuteActionsTaskExecuter.java:128)
	at org.gradle.api.internal.tasks.execution.ExecuteActionsTaskExecuter.execute(ExecuteActionsTaskExecuter.java:116)
	at org.gradle.api.internal.tasks.execution.FinalizePropertiesTaskExecuter.execute(FinalizePropertiesTaskExecuter.java:46)
	at org.gradle.api.internal.tasks.execution.ResolveTaskExecutionModeExecuter.execute(ResolveTaskExecutionModeExecuter.java:51)
	at org.gradle.api.internal.tasks.execution.SkipTaskWithNoActionsExecuter.execute(SkipTaskWithNoActionsExecuter.java:57)
	at org.gradle.api.internal.tasks.execution.SkipOnlyIfTaskExecuter.execute(SkipOnlyIfTaskExecuter.java:74)
	at org.gradle.api.internal.tasks.execution.CatchExceptionTaskExecuter.execute(CatchExceptionTaskExecuter.java:36)
	at org.gradle.api.internal.tasks.execution.EventFiringTaskExecuter$1.executeTask(EventFiringTaskExecuter.java:77)
	at org.gradle.api.internal.tasks.execution.EventFiringTaskExecuter$1.call(EventFiringTaskExecuter.java:55)
	at org.gradle.api.internal.tasks.execution.EventFiringTaskExecuter$1.call(EventFiringTaskExecuter.java:52)
	at org.gradle.internal.operations.DefaultBuildOperationRunner$CallableBuildOperationWorker.execute(DefaultBuildOperationRunner.java:200)
	at org.gradle.internal.operations.DefaultBuildOperationRunner$CallableBuildOperationWorker.execute(DefaultBuildOperationRunner.java:195)
	at org.gradle.internal.operations.DefaultBuildOperationRunner$2.execute(DefaultBuildOperationRunner.java:66)
	at org.gradle.internal.operations.DefaultBuildOperationRunner$2.execute(DefaultBuildOperationRunner.java:59)
	at org.gradle.internal.operations.DefaultBuildOperationRunner.execute(DefaultBuildOperationRunner.java:157)
	at org.gradle.internal.operations.DefaultBuildOperationRunner.execute(DefaultBuildOperationRunner.java:59)
	at org.gradle.internal.operations.DefaultBuildOperationRunner.call(DefaultBuildOperationRunner.java:53)
	at org.gradle.internal.operations.DefaultBuildOperationExecutor.call(DefaultBuildOperationExecutor.java:73)
	at org.gradle.api.internal.tasks.execution.EventFiringTaskExecuter.execute(EventFiringTaskExecuter.java:52)
	at org.gradle.execution.plan.LocalTaskNodeExecutor.execute(LocalTaskNodeExecutor.java:42)
	at org.gradle.execution.taskgraph.DefaultTaskExecutionGraph$InvokeNodeExecutorsAction.execute(DefaultTaskExecutionGraph.java:331)
	at org.gradle.execution.taskgraph.DefaultTaskExecutionGraph$InvokeNodeExecutorsAction.execute(DefaultTaskExecutionGraph.java:318)
	at org.gradle.execution.taskgraph.DefaultTaskExecutionGraph$BuildOperationAwareExecutionAction.lambda$execute$0(DefaultTaskExecutionGraph.java:314)
	at org.gradle.internal.operations.CurrentBuildOperationRef.with(CurrentBuildOperationRef.java:80)
	at org.gradle.execution.taskgraph.DefaultTaskExecutionGraph$BuildOperationAwareExecutionAction.execute(DefaultTaskExecutionGraph.java:314)
	at org.gradle.execution.taskgraph.DefaultTaskExecutionGraph$BuildOperationAwareExecutionAction.execute(DefaultTaskExecutionGraph.java:303)
	at org.gradle.execution.plan.DefaultPlanExecutor$ExecutorWorker.execute(DefaultPlanExecutor.java:463)
	at org.gradle.execution.plan.DefaultPlanExecutor$ExecutorWorker.run(DefaultPlanExecutor.java:380)
	at org.gradle.internal.concurrent.ExecutorPolicy$CatchAndRecordFailures.onExecute(ExecutorPolicy.java:64)
	at org.gradle.internal.concurrent.AbstractManagedExecutor$1.run(AbstractManagedExecutor.java:47)
Caused by: org.gradle.workers.internal.DefaultWorkerExecutor$WorkExecutionException: A failure occurred while executing org.jetbrains.kotlin.compilerRunner.GradleCompilerRunnerWithWorkers$GradleKotlinCompilerWorkAction
	at org.gradle.workers.internal.DefaultWorkerExecutor$WorkItemExecution.waitForCompletion(DefaultWorkerExecutor.java:287)
	at org.gradle.internal.work.DefaultAsyncWorkTracker.lambda$waitForItemsAndGatherFailures$2(DefaultAsyncWorkTracker.java:130)
	at org.gradle.internal.Factories$1.create(Factories.java:31)
	at org.gradle.internal.work.DefaultWorkerLeaseService.withoutLocks(DefaultWorkerLeaseService.java:336)
	at org.gradle.internal.work.DefaultWorkerLeaseService.withoutLocks(DefaultWorkerLeaseService.java:319)
	at org.gradle.internal.work.DefaultWorkerLeaseService.withoutLock(DefaultWorkerLeaseService.java:324)
	at org.gradle.internal.work.DefaultAsyncWorkTracker.waitForItemsAndGatherFailures(DefaultAsyncWorkTracker.java:126)
	at org.gradle.internal.work.DefaultAsyncWorkTracker.waitForItemsAndGatherFailures(DefaultAsyncWorkTracker.java:92)
	at org.gradle.internal.work.DefaultAsyncWorkTracker.waitForAll(DefaultAsyncWorkTracker.java:78)
	at org.gradle.internal.work.DefaultAsyncWorkTracker.waitForCompletion(DefaultAsyncWorkTracker.java:66)
	at org.gradle.api.internal.tasks.execution.TaskExecution$3.run(TaskExecution.java:252)
	at org.gradle.internal.operations.DefaultBuildOperationRunner$1.execute(DefaultBuildOperationRunner.java:29)
	at org.gradle.internal.operations.DefaultBuildOperationRunner$1.execute(DefaultBuildOperationRunner.java:26)
	at org.gradle.internal.operations.DefaultBuildOperationRunner$2.execute(DefaultBuildOperationRunner.java:66)
	at org.gradle.internal.operations.DefaultBuildOperationRunner$2.execute(DefaultBuildOperationRunner.java:59)
	at org.gradle.internal.operations.DefaultBuildOperationRunner.execute(DefaultBuildOperationRunner.java:157)
	at org.gradle.internal.operations.DefaultBuildOperationRunner.execute(DefaultBuildOperationRunner.java:59)
	at org.gradle.internal.operations.DefaultBuildOperationRunner.run(DefaultBuildOperationRunner.java:47)
	at org.gradle.internal.operations.DefaultBuildOperationExecutor.run(DefaultBuildOperationExecutor.java:68)
	at org.gradle.api.internal.tasks.execution.TaskExecution.executeAction(TaskExecution.java:229)
	at org.gradle.api.internal.tasks.execution.TaskExecution.executeActions(TaskExecution.java:212)
	at org.gradle.api.internal.tasks.execution.TaskExecution.executeWithPreviousOutputFiles(TaskExecution.java:195)
	at org.gradle.api.internal.tasks.execution.TaskExecution.execute(TaskExecution.java:162)
	at org.gradle.internal.execution.steps.ExecuteStep.executeInternal(ExecuteStep.java:105)
	at org.gradle.internal.execution.steps.ExecuteStep.access$000(ExecuteStep.java:44)
	at org.gradle.internal.execution.steps.ExecuteStep$1.call(ExecuteStep.java:59)
	at org.gradle.internal.execution.steps.ExecuteStep$1.call(ExecuteStep.java:56)
	at org.gradle.internal.operations.DefaultBuildOperationRunner$CallableBuildOperationWorker.execute(DefaultBuildOperationRunner.java:200)
	at org.gradle.internal.operations.DefaultBuildOperationRunner$CallableBuildOperationWorker.execute(DefaultBuildOperationRunner.java:195)
	at org.gradle.internal.operations.DefaultBuildOperationRunner$2.execute(DefaultBuildOperationRunner.java:66)
	at org.gradle.internal.operations.DefaultBuildOperationRunner$2.execute(DefaultBuildOperationRunner.java:59)
	at org.gradle.internal.operations.DefaultBuildOperationRunner.execute(DefaultBuildOperationRunner.java:157)
	at org.gradle.internal.operations.DefaultBuildOperationRunner.execute(DefaultBuildOperationRunner.java:59)
	at org.gradle.internal.operations.DefaultBuildOperationRunner.call(DefaultBuildOperationRunner.java:53)
	at org.gradle.internal.operations.DefaultBuildOperationExecutor.call(DefaultBuildOperationExecutor.java:73)
	at org.gradle.internal.execution.steps.ExecuteStep.execute(ExecuteStep.java:56)
	at org.gradle.internal.execution.steps.ExecuteStep.execute(ExecuteStep.java:44)
	at org.gradle.internal.execution.steps.CancelExecutionStep.execute(CancelExecutionStep.java:41)
	at org.gradle.internal.execution.steps.TimeoutStep.executeWithoutTimeout(TimeoutStep.java:74)
	at org.gradle.internal.execution.steps.TimeoutStep.execute(TimeoutStep.java:55)
	at org.gradle.internal.execution.steps.PreCreateOutputParentsStep.execute(PreCreateOutputParentsStep.java:50)
	at org.gradle.internal.execution.steps.PreCreateOutputParentsStep.execute(PreCreateOutputParentsStep.java:28)
	at org.gradle.internal.execution.steps.RemovePreviousOutputsStep.execute(RemovePreviousOutputsStep.java:67)
	at org.gradle.internal.execution.steps.RemovePreviousOutputsStep.execute(RemovePreviousOutputsStep.java:37)
	at org.gradle.internal.execution.steps.BroadcastChangingOutputsStep.execute(BroadcastChangingOutputsStep.java:61)
	at org.gradle.internal.execution.steps.BroadcastChangingOutputsStep.execute(BroadcastChangingOutputsStep.java:26)
	at org.gradle.internal.execution.steps.CaptureOutputsAfterExecutionStep.execute(CaptureOutputsAfterExecutionStep.java:67)
	at org.gradle.internal.execution.steps.CaptureOutputsAfterExecutionStep.execute(CaptureOutputsAfterExecutionStep.java:45)
	at org.gradle.internal.execution.steps.ResolveInputChangesStep.execute(ResolveInputChangesStep.java:40)
	at org.gradle.internal.execution.steps.ResolveInputChangesStep.execute(ResolveInputChangesStep.java:29)
	at org.gradle.internal.execution.steps.BuildCacheStep.executeWithoutCache(BuildCacheStep.java:189)
	at org.gradle.internal.execution.steps.BuildCacheStep.lambda$execute$1(BuildCacheStep.java:75)
	at org.gradle.internal.Either$Right.fold(Either.java:175)
	at org.gradle.internal.execution.caching.CachingState.fold(CachingState.java:62)
	at org.gradle.internal.execution.steps.BuildCacheStep.execute(BuildCacheStep.java:73)
	at org.gradle.internal.execution.steps.BuildCacheStep.execute(BuildCacheStep.java:48)
	at org.gradle.internal.execution.steps.StoreExecutionStateStep.execute(StoreExecutionStateStep.java:46)
	at org.gradle.internal.execution.steps.StoreExecutionStateStep.execute(StoreExecutionStateStep.java:35)
	at org.gradle.internal.execution.steps.SkipUpToDateStep.executeBecause(SkipUpToDateStep.java:76)
	at org.gradle.internal.execution.steps.SkipUpToDateStep.lambda$execute$2(SkipUpToDateStep.java:54)
	at org.gradle.internal.execution.steps.SkipUpToDateStep.execute(SkipUpToDateStep.java:54)
	at org.gradle.internal.execution.steps.SkipUpToDateStep.execute(SkipUpToDateStep.java:36)
	at org.gradle.internal.execution.steps.legacy.MarkSnapshottingInputsFinishedStep.execute(MarkSnapshottingInputsFinishedStep.java:37)
	at org.gradle.internal.execution.steps.legacy.MarkSnapshottingInputsFinishedStep.execute(MarkSnapshottingInputsFinishedStep.java:27)
	at org.gradle.internal.execution.steps.ResolveIncrementalCachingStateStep.executeDelegate(ResolveIncrementalCachingStateStep.java:49)
	at org.gradle.internal.execution.steps.ResolveIncrementalCachingStateStep.executeDelegate(ResolveIncrementalCachingStateStep.java:27)
	at org.gradle.internal.execution.steps.AbstractResolveCachingStateStep.execute(AbstractResolveCachingStateStep.java:71)
	at org.gradle.internal.execution.steps.AbstractResolveCachingStateStep.execute(AbstractResolveCachingStateStep.java:39)
	at org.gradle.internal.execution.steps.ResolveChangesStep.execute(ResolveChangesStep.java:65)
	at org.gradle.internal.execution.steps.ResolveChangesStep.execute(ResolveChangesStep.java:36)
	at org.gradle.internal.execution.steps.ValidateStep.execute(ValidateStep.java:106)
	at org.gradle.internal.execution.steps.ValidateStep.execute(ValidateStep.java:55)
	at org.gradle.internal.execution.steps.AbstractCaptureStateBeforeExecutionStep.execute(AbstractCaptureStateBeforeExecutionStep.java:64)
	at org.gradle.internal.execution.steps.AbstractCaptureStateBeforeExecutionStep.execute(AbstractCaptureStateBeforeExecutionStep.java:43)
	at org.gradle.internal.execution.steps.AbstractSkipEmptyWorkStep.executeWithNonEmptySources(AbstractSkipEmptyWorkStep.java:125)
	at org.gradle.internal.execution.steps.AbstractSkipEmptyWorkStep.execute(AbstractSkipEmptyWorkStep.java:61)
	at org.gradle.internal.execution.steps.AbstractSkipEmptyWorkStep.execute(AbstractSkipEmptyWorkStep.java:36)
	at org.gradle.internal.execution.steps.legacy.MarkSnapshottingInputsStartedStep.execute(MarkSnapshottingInputsStartedStep.java:38)
	at org.gradle.internal.execution.steps.LoadPreviousExecutionStateStep.execute(LoadPreviousExecutionStateStep.java:36)
	at org.gradle.internal.execution.steps.LoadPreviousExecutionStateStep.execute(LoadPreviousExecutionStateStep.java:23)
	at org.gradle.internal.execution.steps.HandleStaleOutputsStep.execute(HandleStaleOutputsStep.java:75)
	at org.gradle.internal.execution.steps.HandleStaleOutputsStep.execute(HandleStaleOutputsStep.java:41)
	at org.gradle.internal.execution.steps.AssignMutableWorkspaceStep.lambda$execute$0(AssignMutableWorkspaceStep.java:35)
	at org.gradle.api.internal.tasks.execution.TaskExecution$4.withWorkspace(TaskExecution.java:289)
	at org.gradle.internal.execution.steps.AssignMutableWorkspaceStep.execute(AssignMutableWorkspaceStep.java:31)
	at org.gradle.internal.execution.steps.AssignMutableWorkspaceStep.execute(AssignMutableWorkspaceStep.java:22)
	at org.gradle.internal.execution.steps.ChoosePipelineStep.execute(ChoosePipelineStep.java:40)
	at org.gradle.internal.execution.steps.ChoosePipelineStep.execute(ChoosePipelineStep.java:23)
	at org.gradle.internal.execution.steps.ExecuteWorkBuildOperationFiringStep.lambda$execute$2(ExecuteWorkBuildOperationFiringStep.java:67)
	at org.gradle.internal.execution.steps.ExecuteWorkBuildOperationFiringStep.execute(ExecuteWorkBuildOperationFiringStep.java:67)
	at org.gradle.internal.execution.steps.ExecuteWorkBuildOperationFiringStep.execute(ExecuteWorkBuildOperationFiringStep.java:39)
	at org.gradle.internal.execution.steps.IdentityCacheStep.execute(IdentityCacheStep.java:46)
	at org.gradle.internal.execution.steps.IdentityCacheStep.execute(IdentityCacheStep.java:34)
	at org.gradle.internal.execution.steps.IdentifyStep.execute(IdentifyStep.java:48)
	at org.gradle.internal.execution.steps.IdentifyStep.execute(IdentifyStep.java:35)
	at org.gradle.internal.execution.impl.DefaultExecutionEngine$1.execute(DefaultExecutionEngine.java:61)
	at org.gradle.api.internal.tasks.execution.ExecuteActionsTaskExecuter.executeIfValid(ExecuteActionsTaskExecuter.java:127)
	at org.gradle.api.internal.tasks.execution.ExecuteActionsTaskExecuter.execute(ExecuteActionsTaskExecuter.java:116)
	at org.gradle.api.internal.tasks.execution.FinalizePropertiesTaskExecuter.execute(FinalizePropertiesTaskExecuter.java:46)
	at org.gradle.api.internal.tasks.execution.ResolveTaskExecutionModeExecuter.execute(ResolveTaskExecutionModeExecuter.java:51)
	at org.gradle.api.internal.tasks.execution.SkipTaskWithNoActionsExecuter.execute(SkipTaskWithNoActionsExecuter.java:57)
	at org.gradle.api.internal.tasks.execution.SkipOnlyIfTaskExecuter.execute(SkipOnlyIfTaskExecuter.java:74)
	at org.gradle.api.internal.tasks.execution.CatchExceptionTaskExecuter.execute(CatchExceptionTaskExecuter.java:36)
	at org.gradle.api.internal.tasks.execution.EventFiringTaskExecuter$1.executeTask(EventFiringTaskExecuter.java:77)
	at org.gradle.api.internal.tasks.execution.EventFiringTaskExecuter$1.call(EventFiringTaskExecuter.java:55)
	at org.gradle.api.internal.tasks.execution.EventFiringTaskExecuter$1.call(EventFiringTaskExecuter.java:52)
	at org.gradle.internal.operations.DefaultBuildOperationRunner$CallableBuildOperationWorker.execute(DefaultBuildOperationRunner.java:200)
	at org.gradle.internal.operations.DefaultBuildOperationRunner$CallableBuildOperationWorker.execute(DefaultBuildOperationRunner.java:195)
	at org.gradle.internal.operations.DefaultBuildOperationRunner$2.execute(DefaultBuildOperationRunner.java:66)
	at org.gradle.internal.operations.DefaultBuildOperationRunner$2.execute(DefaultBuildOperationRunner.java:59)
	at org.gradle.internal.operations.DefaultBuildOperationRunner.execute(DefaultBuildOperationRunner.java:157)
	at org.gradle.internal.operations.DefaultBuildOperationRunner.execute(DefaultBuildOperationRunner.java:59)
	at org.gradle.internal.operations.DefaultBuildOperationRunner.call(DefaultBuildOperationRunner.java:53)
	at org.gradle.internal.operations.DefaultBuildOperationExecutor.call(DefaultBuildOperationExecutor.java:73)
	at org.gradle.api.internal.tasks.execution.EventFiringTaskExecuter.execute(EventFiringTaskExecuter.java:52)
	at org.gradle.execution.plan.LocalTaskNodeExecutor.execute(LocalTaskNodeExecutor.java:42)
	at org.gradle.execution.taskgraph.DefaultTaskExecutionGraph$InvokeNodeExecutorsAction.execute(DefaultTaskExecutionGraph.java:331)
	at org.gradle.execution.taskgraph.DefaultTaskExecutionGraph$InvokeNodeExecutorsAction.execute(DefaultTaskExecutionGraph.java:318)
	at org.gradle.execution.taskgraph.DefaultTaskExecutionGraph$BuildOperationAwareExecutionAction.lambda$execute$0(DefaultTaskExecutionGraph.java:314)
	at org.gradle.internal.operations.CurrentBuildOperationRef.with(CurrentBuildOperationRef.java:80)
	at org.gradle.execution.taskgraph.DefaultTaskExecutionGraph$BuildOperationAwareExecutionAction.execute(DefaultTaskExecutionGraph.java:314)
	at org.gradle.execution.taskgraph.DefaultTaskExecutionGraph$BuildOperationAwareExecutionAction.execute(DefaultTaskExecutionGraph.java:303)
	at org.gradle.execution.plan.DefaultPlanExecutor$ExecutorWorker.execute(DefaultPlanExecutor.java:463)
	at org.gradle.execution.plan.DefaultPlanExecutor$ExecutorWorker.run(DefaultPlanExecutor.java:380)
	at org.gradle.internal.concurrent.ExecutorPolicy$CatchAndRecordFailures.onExecute(ExecutorPolicy.java:64)
	at org.gradle.internal.concurrent.AbstractManagedExecutor$1.run(AbstractManagedExecutor.java:47)
Caused by: org.jetbrains.kotlin.gradle.tasks.CompilationErrorException: Compilation error. See log for more details
	at org.jetbrains.kotlin.gradle.tasks.TasksUtilsKt.throwExceptionIfCompilationFailed(tasksUtils.kt:21)
	at org.jetbrains.kotlin.compilerRunner.GradleKotlinCompilerWork.run(GradleKotlinCompilerWork.kt:119)
	at org.jetbrains.kotlin.compilerRunner.GradleCompilerRunnerWithWorkers$GradleKotlinCompilerWorkAction.execute(GradleCompilerRunnerWithWorkers.kt:76)
	at org.gradle.workers.internal.DefaultWorkerServer.execute(DefaultWorkerServer.java:63)
	at org.gradle.workers.internal.NoIsolationWorkerFactory$1$1.create(NoIsolationWorkerFactory.java:66)
	at org.gradle.workers.internal.NoIsolationWorkerFactory$1$1.create(NoIsolationWorkerFactory.java:62)
	at org.gradle.internal.classloader.ClassLoaderUtils.executeInClassloader(ClassLoaderUtils.java:100)
	at org.gradle.workers.internal.NoIsolationWorkerFactory$1.lambda$execute$0(NoIsolationWorkerFactory.java:62)
	at org.gradle.workers.internal.AbstractWorker$1.call(AbstractWorker.java:44)
	at org.gradle.workers.internal.AbstractWorker$1.call(AbstractWorker.java:41)
	at org.gradle.internal.operations.DefaultBuildOperationRunner$CallableBuildOperationWorker.execute(DefaultBuildOperationRunner.java:200)
	at org.gradle.internal.operations.DefaultBuildOperationRunner$CallableBuildOperationWorker.execute(DefaultBuildOperationRunner.java:195)
	at org.gradle.internal.operations.DefaultBuildOperationRunner$2.execute(DefaultBuildOperationRunner.java:66)
	at org.gradle.internal.operations.DefaultBuildOperationRunner$2.execute(DefaultBuildOperationRunner.java:59)
	at org.gradle.internal.operations.DefaultBuildOperationRunner.execute(DefaultBuildOperationRunner.java:157)
	at org.gradle.internal.operations.DefaultBuildOperationRunner.execute(DefaultBuildOperationRunner.java:59)
	at org.gradle.internal.operations.DefaultBuildOperationRunner.call(DefaultBuildOperationRunner.java:53)
	at org.gradle.internal.operations.DefaultBuildOperationExecutor.call(DefaultBuildOperationExecutor.java:73)
	at org.gradle.workers.internal.AbstractWorker.executeWrappedInBuildOperation(AbstractWorker.java:41)
	at org.gradle.workers.internal.NoIsolationWorkerFactory$1.execute(NoIsolationWorkerFactory.java:59)
	at org.gradle.workers.internal.DefaultWorkerExecutor.lambda$submitWork$0(DefaultWorkerExecutor.java:174)
	at org.gradle.internal.work.DefaultConditionalExecutionQueue$ExecutionRunner.runExecution(DefaultConditionalExecutionQueue.java:187)
	at org.gradle.internal.work.DefaultConditionalExecutionQueue$ExecutionRunner.access$700(DefaultConditionalExecutionQueue.java:120)
	at org.gradle.internal.work.DefaultConditionalExecutionQueue$ExecutionRunner$1.run(DefaultConditionalExecutionQueue.java:162)
	at org.gradle.internal.Factories$1.create(Factories.java:31)
	at org.gradle.internal.work.DefaultWorkerLeaseService.withLocks(DefaultWorkerLeaseService.java:264)
	at org.gradle.internal.work.DefaultWorkerLeaseService.runAsWorkerThread(DefaultWorkerLeaseService.java:128)
	at org.gradle.internal.work.DefaultWorkerLeaseService.runAsWorkerThread(DefaultWorkerLeaseService.java:133)
	at org.gradle.internal.work.DefaultConditionalExecutionQueue$ExecutionRunner.runBatch(DefaultConditionalExecutionQueue.java:157)
	at org.gradle.internal.work.DefaultConditionalExecutionQueue$ExecutionRunner.run(DefaultConditionalExecutionQueue.java:126)
	... 2 more


BUILD FAILED in 11s
14 actionable tasks: 1 executed, 13 up-to-date
